Workbook

Sheet Sheet3
C5: Android Device indication No. | D5: 1.Pre-Sterilization position | E5: 2.Matching system | F5: Remark
C6: 1.S/N : 22340523020148 | D6: 〇 | E6: 〇 | F6: New device
C7: 2.S/N : 21336523021959 | E7: 〇 | F7: Old device (The Android device already has the Check Basket Position_V2 application installed.)
C8: 3
C9: 4
C10: 5
C11: 6
C12: 7
C13: 8
C14: 9
C15: 10

Sheet Sheet4
A3: Factory | B3: Currently | C3: Plan | D3: Next plan 5 devices
A4: N2 | B4: 1.Check Basket Position_V2 | C4: 2.Matching system | D4: 1.Check Basket Position_V2 + 2.Matching system
A16: Medical | B16: - | C16: 1.Check_basket_position_medical_V1 2.Matching system | D16: Next plan 10 devices (Check_basket_position_medical_V1+Matching system)

Sheet Sheet1
B2: product label 1 60/70
C3: JN-6426 | D3: JN-6427 | E3: JN-6428 | F3: JN-6429 | G3: JN-6430 | H3: JN-6431
B6: product label 1 50/70
C7: JN-6420 | D7: JN-6421 | E7: JN-6422 | F7: JN-6423 | G7: JN-6424 | H7: JN-6425
C9: Jig For Label Attach 4 Lens( PCI GW) 68/105
C10: JN-6432 | D10: JN-6433 | E10: JN-6434 | F10: JN-6435
C15: Jig For Label Attach (Soutenir & Streaming )55/65 | E15: JN-6437 | F15: Jig For Label Attach (Soutenir & Streaming )55/65
C16: JN-6436 | D16: JN-6437
C18: Jig For Label Attach (Ptca Gw ) CTO 24/5
C19: JN-4503 | D19: JN-5418 | E19: JN-5419 | F19: JN-5420 | G19: JN-5422

Sheet PTCA Packing 1
A1: Item SAP | B1: Item Code | C1: Name | D1: Dwg no. | E1: Doc. no. | F1: Japan doc No. | G1: Master SOP | H1: Product DWG No. | I1: SOP PRODUCT DRAWING | J1: Label check sheet for bag | K1: Label check sheet for box | L1: Label check sheet dilator for bag | M1: Label check sheet dilator for box | N1: Label check sheet Barcode Bag | O1: Label check sheet Barcode Box | P1: Label check sheet Barcode Dilator for bag | Q1: Label check sheet Barcode Dilator for box | T1: Label check sheet 4 Lens CN (bag) | U1: Label check sheet for distributor CN (box) | V1: Label check sheet distributor KR | W1: Label check sheet Accessories | X1: Drawing List no. Dilator & Barcode | Y1: Base Jig 1 | Z1: Base Jig 2 | AA1: Base Jig 3 | AB1: Base Jig 4 | AC1: Base Jig 5 | AD1: Base Jig 6 | AE1: Jig attach product label 1 | AF1: Jig attach product label 2 | AG1: Jig attach product label 3 | AH1: Jig attach product label 1 | AI1: Jig attach product label 2 | AJ1: Jig attach product label 3 | AK1: Jig attach other label 1 | AL1: Jig attach other label 2 | AM1: Jig attach other label 3 | AN1: Jig attach other label 1 | AO1: Jig attach other label 2 | AP1: Jig attach other label 3 | AQ1: Size | AR1: Product
A2: 11103260 | B2: 656001-S-A | C2: Streaming 14 135cm | D2: 1935046-0 | E2: ATN-19206 | F2: AMT3-099-009 | G2: ATN-18876 | H2: 1832365-0 | I2: ATN-19444 | J2: ATN-9877 | K2: ATN-9877 | M2: 55 | N2: 65 | O2: - | P2: - | R2: - | T2: - | U2: - | V2: - | Y2: JN-6438 | Z2: JN-6439 | AA2: JN-6440 | AB2: JN-6441 | AC2: JN-6442 | AD2: JN-6443 | AE2: JN-6436 | AF2: JN-6437 | AR2: PTCA
A3: 11103259 | B3: 656002-S-A | C3: Streaming 14 165cm | D3: 1935046-0 | E3: ATN-19206 | F3: AMT3-099-009 | G3: ATN-18876 | H3: 1832364-0 | I3: ATN-19443 | J3: ATN-9878 | K3: ATN-9878 | M3: 55 | N3: 65 | O3: - | P3: - | R3: - | T3: - | U3: - | V3: - | Y3: JN-6438 | Z3: JN-6439 | AA3: JN-6440 | AB3: JN-6441 | AC3: JN-6442 | AD3: JN-6443 | AE3: JN-6436 | AF3: JN-6437 | AR3: PTCA
A4: 11103261 | B4: 656003-S-A | C4: Streaming 14 180cm | D4: 1935046-0 | E4: ATN-19206 | F4: AMT3-099-009 | G4: ATN-18876 | H4: 1832362-0 | I4: ATN-19441 | J4: ATN-9879 | K4: ATN-9879 | M4: 55 | N4: 65 | O4: - | P4: - | R4: - | T4: - | U4: - | V4: - | Y4: JN-6438 | Z4: JN-6439 | AA4: JN-6440 | AB4: JN-6441 | AC4: JN-6442 | AD4: JN-6443 | AE4: JN-6436 | AF4: JN-6437 | AR4: PTCA
A5: 11103265 | B5: 656007-S-A | C5: Streaming 18 165cm | D5: 1935047-0 | E5: ATN-19207 | F5: AMT3-099-009 | G5: ATN-18876 | H5: 1832179-0 | I5: ATN-19396 | J5: ATN-9883 | K5: ATN-9883 | M5: 55 | N5: 65 | O5: - | P5: - | R5: - | T5: - | U5: - | V5: - | Y5: JN-6438 | Z5: JN-6439 | AA5: JN-6440 | AB5: JN-6441 | AC5: JN-6442 | AD5: JN-6443 | AE5: JN-6436 | AF5: JN-6437 | AR5: PTCA
A6: 11103266 | B6: 656008-S-A | C6: Streaming 18 180cm | D6: 1935047-0 | E6: ATN-19207 | F6: AMT3-099-009 | G6: ATN-18876 | H6: 1832180-0 | I6: ATN-19397 | J6: ATN-9884 | K6: ATN-9884 | M6: 55 | N6: 65 | O6: - | P6: - | R6: - | T6: - | U6: - | V6: - | Y6: JN-6438 | Z6: JN-6439 | AA6: JN-6440 | AB6: JN-6441 | AC6: JN-6442 | AD6: JN-6443 | AE6: JN-6436 | AF6: JN-6437 | AR6: PTCA
A7: 11000955 | B7: 1931039-A-A | C7: ASAHI PTCA Guide Wire ASAHI SION blue ES 190cm | D7: 1935015-A | E7: ATN-19013 | F7: AMT3-099-008 | G7: ATN-18523 | H7: 1832206-0 | I7: ATN-19405 | J7: OHP-LS-14455 | K7: OHP-LS-14456 | M7: 50 | N7: 70 | O7: - | P7: - | R7: - | T7: OHP-LS-15448 | U7: OHP-LS-15449 | V7: - | Y7: JN-6438 | Z7: JN-6439 | AA7: JN-6440 | AB7: JN-6441 | AC7: JN-6442 | AD7: JN-6443 | AE7: JN-6420 | AF7: JN-6421 | AG7: JN-6422 | AH7: JN-6423 | AI7: JN-6424 | AJ7: JN-6425 | AR7: PTCA
A8: 11000913 | B8: 1931113-0-AK | C8: ASAHI Peripheral Guide Wire ASAHI Halberd18 Straight 300cm | D8: 1935021-0 | E8: ATN-19047 | F8: AMT3-099-009 | G8: ATN-18876 | H8: 1832294-0 | I8: ATN-19668 | J8: OHP-LS-8701 | K8: OHP-LS-8702 | M8: 60 | N8: 70 | O8: 68 | P8: 105 | R8: - | T8: OHP-LS-8773 | U8: OHP-LS-8774 | V8: - | Y8: JN-6438 | Z8: JN-6439 | AA8: JN-6440 | AB8: JN-6441 | AC8: JN-6442 | AD8: JN-6443 | AE8: JN-6426 | AF8: JN-6427 | AG8: JN-6428 | AH8: JN-6429 | AI8: JN-6430 | AJ8: JN-6431 | AK8: JN-6432 | AL8: JN-6433 | AM8: JN-6434 | AN8: JN-6435 | AR8: PTCA
A9: 11000912 | B9: 1931114-0-AK | C9: ASAHI Peripheral Guide Wire ASAHI Halberd18 Pre-shape 300cm | D9: 1935021-0 | E9: ATN-19047 | F9: AMT3-099-009 | G9: ATN-18876 | H9: 1832295-0 | I9: ATN-19669 | J9: OHP-LS-8703 | K9: OHP-LS-8704 | M9: 60 | N9: 70 | O9: 68 | P9: 105 | R9: - | T9: OHP-LS-8775 | U9: OHP-LS-8776 | V9: - | Y9: JN-6438 | Z9: JN-6439 | AA9: JN-6440 | AB9: JN-6441 | AC9: JN-6442 | AD9: JN-6443 | AE9: JN-6426 | AF9: JN-6427 | AG9: JN-6428 | AH9: JN-6429 | AI9: JN-6430 | AJ9: JN-6431 | AK9: JN-6432 | AL9: JN-6433 | AM9: JN-6434 | AN9: JN-6435 | AR9: PTCA
A10: 11000918 | B10: 1931108-0-A | C10: ASAHI Peripheral Guide Wire ASAHI Halberd14 Pre-shape 300cm | D10: 1935020-0 | E10: ATN-19045 | F10: AMT3-099-009 | G10: ATN-18876 | H10: 1832289-0 | I10: - | J10: OHP-LS-8691 | K10: OHP-LS-8692 | M10: 60 | N10: 70 | O10: 68 | P10: 105 | R10: - | T10: OHP-LS-8763 | U10: OHP-LS-8764 | V10: - | Y10: JN-6438 | Z10: JN-6439 | AA10: JN-6440 | AB10: JN-6441 | AC10: JN-6442 | AD10: JN-6443 | AE10: JN-6426 | AF10: JN-6427 | AG10: JN-6428 | AH10: JN-6429 | AI10: JN-6430 | AJ10: JN-6431 | AK10: JN-6432 | AL10: JN-6433 | AM10: JN-6434 | AN10: JN-6435 | AR10: PTCA
A11: 11000919 | B11: 1931107-0-A | C11: ASAHI Peripheral Guide Wire ASAHI Halberd14 Straight 300cm | D11: 1935020-0 | E11: ATN-19045 | F11: AMT3-099-009 | G11: ATN-18876 | H11: 1832288-0 | I11: - | J11: OHP-LS-8689 | K11: OHP-LS-8690 | M11: 60 | N11: 70 | O11: 68 | P11: 105 | R11: - | T11: OHP-LS-8761 | U11: OHP-LS-8762 | V11: - | Y11: JN-6438 | Z11: JN-6439 | AA11: JN-6440 | AB11: JN-6441 | AC11: JN-6442 | AD11: JN-6443 | AE11: JN-6426 | AF11: JN-6427 | AG11: JN-6428 | AH11: JN-6429 | AI11: JN-6430 | AJ11: JN-6431 | AK11: JN-6432 | AL11: JN-6433 | AM11: JN-6434 | AN11: JN-6435 | AR11: PTCA
A12: 11000917 | B12: 1931109-0-AK | C12: ASAHI Peripheral Guide Wire ASAHI Halberd18 Straight 200cm | D12: 1935021-0 | E12: ATN-19047 | F12: AMT3-099-009 | G12: ATN-18876 | H12: 1832290-0 | I12: ATN-19664 | J12: OHP-LS-8693 | K12: OHP-LS-8694 | M12: 60 | N12: 70 | O12: 68 | P12: 105 | R12: - | T12: OHP-LS-8765 | U12: OHP-LS-8766 | V12: - | Y12: JN-6438 | Z12: JN-6439 | AA12: JN-6440 | AB12: JN-6441 | AC12: JN-6442 | AD12: JN-6443 | AE12: JN-6426 | AF12: JN-6427 | AG12: JN-6428 | AH12: JN-6429 | AI12: JN-6430 | AJ12: JN-6431 | AK12: JN-6432 | AL12: JN-6433 | AM12: JN-6434 | AN12: JN-6435 | AR12: PTCA
A13: 11000920 | B13: 1931106-0-A | C13: ASAHI Peripheral Guide Wire ASAHI Halberd14 Pre-shape 235cm | D13: 1935020-0 | E13: ATN-19045 | F13: AMT3-099-009 | G13: ATN-18876 | H13: 1832287-0 | I13: - | J13: OHP-LS-8687 | K13: OHP-LS-8688 | M13: 60 | N13: 70 | O13: 68 | P13: 105 | R13: - | T13: OHP-LS-8759 | U13: OHP-LS-8760 | V13: - | Y13: JN-6438 | Z13: JN-6439 | AA13: JN-6440 | AB13: JN-6441 | AC13: JN-6442 | AD13: JN-6443 | AE13: JN-6426 | AF13: JN-6427 | AG13: JN-6428 | AH13: JN-6429 | AI13: JN-6430 | AJ13: JN-6431 | AK13: JN-6432 | AL13: JN-6433 | AM13: JN-6434 | AN13: JN-6435 | AR13: PTCA
A14: 11000916 | B14: 1931110-0-AK | C14: ASAHI Peripheral Guide Wire ASAHI Halberd18 Pre-shape 200cm | D14: 1935021-0 | E14: ATN-19047 | F14: AMT3-099-009 | G14: ATN-18876 | H14: 1832291-0 | I14: ATN-19665 | J14: OHP-LS-8695 | K14: OHP-LS-8696 | M14: 60 | N14: 70 | O14: 68 | P14: 105 | R14: - | T14: OHP-LS-8767 | U14: OHP-LS-8768 | V14: - | Y14: JN-6438 | Z14: JN-6439 | AA14: JN-6440 | AB14: JN-6441 | AC14: JN-6442 | AD14: JN-6443 | AE14: JN-6426 | AF14: JN-6427 | AG14: JN-6428 | AH14: JN-6429 | AI14: JN-6430 | AJ14: JN-6431 | AK14: JN-6432 | AL14: JN-6433 | AM14: JN-6434 | AN14: JN-6435 | AR14: PTCA
A15: 11000915 | B15: 1931111-0-AK | C15: ASAHI Peripheral Guide Wire ASAHI Halberd18 Straight 235cm | D15: 1935021-0 | E15: ATN-19047 | F15: AMT3-099-009 | G15: ATN-18876 | H15: 1832292-0 | I15: ATN-19666 | J15: OHP-LS-8697 | K15: OHP-LS-8698 | M15: 60 | N15: 70 | O15: 68 | P15: 105 | R15: - | T15: OHP-LS-8769 | U15: OHP-LS-8770 | V15: - | Y15: JN-6438 | Z15: JN-6439 | AA15: JN-6440 | AB15: JN-6441 | AC15: JN-6442 | AD15: JN-6443 | AE15: JN-6426 | AF15: JN-6427 | AG15: JN-6428 | AH15: JN-6429 | AI15: JN-6430 | AJ15: JN-6431 | AK15: JN-6432 | AL15: JN-6433 | AM15: JN-6434 | AN15: JN-6435 | AR15: PTCA
A16: 11000914 | B16: 1931112-0-AK | C16: ASAHI Peripheral Guide Wire ASAHI Halberd18 Pre-shape 235cm | D16: 1935021-0 | E16: ATN-19047 | F16: AMT3-099-009 | G16: ATN-18876 | H16: 1832293-0 | I16: ATN-19667 | J16: OHP-LS-8699 | K16: OHP-LS-8700 | M16: 60 | N16: 70 | O16: 68 | P16: 105 | R16: - | T16: OHP-LS-8771 | U16: OHP-LS-8772 | V16: - | Y16: JN-6438 | Z16: JN-6439 | AA16: JN-6440 | AB16: JN-6441 | AC16: JN-6442 | AD16: JN-6443 | AE16: JN-6426 | AF16: JN-6427 | AG16: JN-6428 | AH16: JN-6429 | AI16: JN-6430 | AJ16: JN-6431 | AK16: JN-6432 | AL16: JN-6433 | AM16: JN-6434 | AN16: JN-6435 | AR16: PTCA
A17: 11003330 | B17: 1731086-C-AK | C17: ASAHI PTCA Guide Wire FIELDER XT 300cm | D17: 1835109-A | E17: ATN-19255 | F17: AMT3-099-008 | G17: ATN-18523 | H17: 1832212-0 | I17: ATN-19654 | J17: OHP-LS-8647 | K17: OHP-LS-8648 | M17: 50 | N17: 70 | O17: - | P17: - | R17: 24 | T17: - | U17: - | V17: - | Y17: JN-6438 | Z17: JN-6439 | AA17: JN-6440 | AB17: JN-6441 | AC17: JN-6442 | AD17: JN-6443 | AE17: JN-6420 | AF17: JN-6421 | AG17: JN-6422 | AH17: JN-6423 | AI17: JN-6424 | AJ17: JN-6425 | AK17: JN-4503 | AL17: JN-5418 | AM17: JN-5419 | AN17: JN-5420 | AO17: JN-5422 | AR17: PTCA
A18: 11000952 | B18: 1931042-A-A | C18: ASAHI PTCA Guide Wire ASAHI SION blue ES 300cm J | D18: 1935015-A | E18: ATN-19013 | F18: AMT3-099-008 | G18: ATN-18523 | H18: 1832210-0 | I18: ATN-19652 | J18: OHP-LS-14461 | K18: OHP-LS-14462 | M18: 50 | N18: 70 | O18: - | P18: - | R18: - | T18: OHP-LS-15454 | U18: OHP-LS-15455 | V18: - | Y18: JN-6438 | Z18: JN-6439 | AA18: JN-6440 | AB18: JN-6441 | AC18: JN-6442 | AD18: JN-6443 | AE18: JN-6420 | AF18: JN-6421 | AG18: JN-6422 | AH18: JN-6423 | AI18: JN-6424 | AJ18: JN-6425 | AR18: PTCA
A19: 11000953 | B19: 1931041-A-A | C19: ASAHI PTCA Guide Wire ASAHI SION blue ES 190cm J | D19: 1935015-A | E19: ATN-19013 | F19: AMT3-099-008 | G19: ATN-18523 | H19: 1832207-0 | I19: ATN-19650 | J19: OHP-LS-14459 | K19: OHP-LS-14460 | M19: 50 | N19: 70 | O19: - | P19: - | R19: - | T19: OHP-LS-15452 | U19: OHP-LS-15453 | V19: - | Y19: JN-6438 | Z19: JN-6439 | AA19: JN-6440 | AB19: JN-6441 | AC19: JN-6442 | AD19: JN-6443 | AE19: JN-6420 | AF19: JN-6421 | AG19: JN-6422 | AH19: JN-6423 | AI19: JN-6424 | AJ19: JN-6425 | AR19: PTCA
A20: 11000954 | B20: 1931040-A-A | C20: ASAHI PTCA Guide Wire ASAHI SION blue ES 300cm | D20: 1935015-A | E20: ATN-19013 | F20: AMT3-099-008 | G20: ATN-18523 | H20: 1832209-0 | I20: ATN-19651 | J20: OHP-LS-14457 | K20: OHP-LS-14458 | M20: 50 | N20: 70 | O20: - | P20: - | R20: - | T20: OHP-LS-15450 | U20: OHP-LS-15451 | V20: - | Y20: JN-6438 | Z20: JN-6439 | AA20: JN-6440 | AB20: JN-6441 | AC20: JN-6442 | AD20: JN-6443 | AE20: JN-6420 | AF20: JN-6421 | AG20: JN-6422 | AH20: JN-6423 | AI20: JN-6424 | AJ20: JN-6425 | AR20: PTCA
A21: 11000947 | B21: 1931082-0-AK | C21: ASAHI PTCA Guide Wire ASAHI Gaia Next 3 190cm Pre-shape | D21: 1935045-0 | E21: ATN-19830 | F21: AMT3-139-019 | G21: ATN-19834 | H21: 1932447-0 | I21: ATN-19855 | J21: OHP-LS-9436 | K21: OHP-LS-9437 | M21: 50 | N21: 70 | O21: - | P21: - | R21: 24 | T21: - | U21: - | V21: - | Y21: JN-6438 | Z21: JN-6439 | AA21: JN-6440 | AB21: JN-6441 | AC21: JN-6442 | AD21: JN-6443 | AE21: JN-6420 | AF21: JN-6421 | AG21: JN-6422 | AH21: JN-6423 | AI21: JN-6424 | AJ21: JN-6425 | AK21: JN-4503 | AL21: JN-5418 | AM21: JN-5419 | AN21: JN-5420 | AO21: JN-5422 | AR21: PTCA
A22: 11103435 | B22: 09B1001-J-AK | C22: Soutenir NV 3mm | D22: 1935050-0 | E22: ATN-21682 | F22: AMT10-001-007 | G22: ATN-21685 | H22: 1942149-0 | I22: ATN-20036 | J22: OHP-LS-12792 | K22: OHP-LS-12793 | M22: #N/A | N22: #N/A | O22: #N/A | P22: #N/A | R22: #N/A | T22: - | U22: - | V22: - | AR22: PTCA
A23: 11103433 | B23: 10B1003-D-AK | C23: Soutenir CV 7mm | D23: 1935048-0 | E23: ATN-21681 | F23: AMT10-001-007 | G23: ATN-21685 | H23: 1942151-0 | I23: ATN-20038 | J23: ATN-10374 | K23: ATN-10374 | M23: #N/A | N23: #N/A | O23: #N/A | P23: #N/A | R23: #N/A | T23: - | U23: - | V23: - | AR23: PTCA
A24: 11103434 | B24: 10B1004-D-AK | C24: Soutenir CV 3mm (Short type) | D24: 1935048-0 | E24: ATN-21681 | F24: AMT10-001-007 | G24: ATN-21685 | H24: 1942152-0 | I24: ATN-20039 | J24: ATN-10375 | K24: ATN-10375 | M24: #N/A | N24: #N/A | O24: #N/A | P24: #N/A | R24: #N/A | T24: - | U24: - | V24: - | AR24: PTCA
A25: 11103402 | B25: 10B1005-D-AK | C25: Soutenir CV 5mm (Short type) | D25: 1935048-0 | E25: ATN-21681 | F25: AMT10-001-007 | G25: ATN-21685 | H25: 1942153-0 | I25: ATN-20040 | J25: ATN-10376 | K25: ATN-10376 | M25: #N/A | N25: #N/A | O25: #N/A | P25: #N/A | R25: #N/A | T25: - | U25: - | V25: - | AR25: PTCA
A26: 11000945 | B26: 1931082-A-AK | C26: ASAHI PTCA Guide Wire ASAHI Gaia Next 3 190cm Pre-shape | D26: 1935045-0 | E26: ATN-19830 | F26: AMT3-139-019 | G26: ATN-19834 | H26: 2032052-0 | I26: ATN-22257 | J26: OHP-LS-9436 | K26: OHP-LS-9437 | M26: 50 | N26: 70 | O26: - | P26: - | R26: 24 | T26: - | U26: - | V26: - | Y26: JN-6438 | Z26: JN-6439 | AA26: JN-6440 | AB26: JN-6441 | AC26: JN-6442 | AD26: JN-6443 | AE26: JN-6420 | AF26: JN-6421 | AG26: JN-6422 | AH26: JN-6423 | AI26: JN-6424 | AJ26: JN-6425 | AK26: JN-4503 | AL26: JN-5418 | AM26: JN-5419 | AN26: JN-5420 | AO26: JN-5422 | AR26: PTCA
A27: 11015189 | B27: 1931027-0-A | C27: ASAHI PTCA Guide Wire ASAHI SION blue 190cm Pre-shape | D27: 1835104-A | E27: ATN-21444 | F27: AMT3-099-008 | G27: ATN-18523 | H27: 1932115-0 | I27: ATN-20772 | J27: OHP-LS-9618 | K27: OHP-LS-9619 | M27: 50 | N27: 70 | O27: - | P27: - | R27: - | T27: - | U27: - | V27: - | Y27: JN-6438 | Z27: JN-6439 | AA27: JN-6440 | AB27: JN-6441 | AC27: JN-6442 | AD27: JN-6443 | AE27: JN-6420 | AF27: JN-6421 | AG27: JN-6422 | AH27: JN-6423 | AI27: JN-6424 | AJ27: JN-6425 | AR27: PTCA
A28: 11000962 | B28: 1931029-0-AK | C28: ASAHI PTCA Guide Wire ASAHI SION 190cm Pre-shape | D28: 1835103-A | E28: ATN-21134 | F28: AMT3-099-008 | G28: ATN-18523 | H28: 1932107-0 | I28: ATN-20768 | J28: OHP-LS-9610 | K28: OHP-LS-9611 | M28: 50 | N28: 70 | O28: - | P28: - | R28: - | T28: - | U28: - | V28: - | Y28: JN-6438 | Z28: JN-6439 | AA28: JN-6440 | AB28: JN-6441 | AC28: JN-6442 | AD28: JN-6443 | AE28: JN-6420 | AF28: JN-6421 | AG28: JN-6422 | AH28: JN-6423 | AI28: JN-6424 | AJ28: JN-6425 | AR28: PTCA
A29: 11103122 | B29: 1731115-C-AK | C29: ASAHI PTCA Guide Wire ASAHI SION 180cm | D29: 1835103-A | E29: ATN-21134 | F29: AMT3-099-008 | G29: ATN-18523 | H29: 1832196-0 | I29: ATN-20019 | J29: OHP-LS-2288 | K29: OHP-LS-2289 | M29: 50 | N29: 70 | O29: - | P29: - | R29: - | T29: - | U29: - | V29: - | Y29: JN-6438 | Z29: JN-6439 | AA29: JN-6440 | AB29: JN-6441 | AC29: JN-6442 | AD29: JN-6443 | AE29: JN-6420 | AF29: JN-6421 | AG29: JN-6422 | AH29: JN-6423 | AI29: JN-6424 | AJ29: JN-6425 | AR29: PTCA
A30: 11015228 | B30: 1731116-C-AK | C30: ASAHI PTCA Guide Wire ASAHI SION 300cm | D30: 1835103-A | E30: ATN-21134 | F30: AMT3-099-008 | G30: ATN-18523 | H30: 1832195-0 | I30: ATN-20170 | J30: OHP-LS-2290 | K30: OHP-LS-2291 | M30: 50 | N30: 70 | O30: - | P30: - | R30: - | T30: - | U30: - | V30: - | Y30: JN-6438 | Z30: JN-6439 | AA30: JN-6440 | AB30: JN-6441 | AC30: JN-6442 | AD30: JN-6443 | AE30: JN-6420 | AF30: JN-6421 | AG30: JN-6422 | AH30: JN-6423 | AI30: JN-6424 | AJ30: JN-6425 | AR30: PTCA
A31: 11015227 | B31: 1731147-C-AK | C31: ASAHI PTCA Guide Wire ASAHI SION 180cm J | D31: 1835103-A | E31: ATN-21134 | F31: AMT3-099-008 | G31: ATN-18523 | H31: 1832197-0 | I31: ATN-20171 | J31: OHP-LS-2348 | K31: OHP-LS-2349 | M31: 50 | N31: 70 | O31: - | P31: - | R31: - | T31: - | U31: - | V31: - | Y31: JN-6438 | Z31: JN-6439 | AA31: JN-6440 | AB31: JN-6441 | AC31: JN-6442 | AD31: JN-6443 | AE31: JN-6420 | AF31: JN-6421 | AG31: JN-6422 | AH31: JN-6423 | AI31: JN-6424 | AJ31: JN-6425 | AR31: PTCA
A32: 11015226 | B32: 1731148-C-AK | C32: ASAHI PTCA Guide Wire ASAHI SION 300cm J | D32: 1835103-A | E32: ATN-21134 | F32: AMT3-099-008 | G32: ATN-18523 | H32: 1832198-0 | I32: ATN-20172 | J32: OHP-LS-2350 | K32: OHP-LS-2351 | M32: 50 | N32: 70 | O32: - | P32: - | R32: - | T32: - | U32: - | V32: - | Y32: JN-6438 | Z32: JN-6439 | AA32: JN-6440 | AB32: JN-6441 | AC32: JN-6442 | AD32: JN-6443 | AE32: JN-6420 | AF32: JN-6421 | AG32: JN-6422 | AH32: JN-6423 | AI32: JN-6424 | AJ32: JN-6425 | AR32: PTCA
A33: 11000963 | B33: 1931028-0-AK | C33: ASAHI PTCA Guide Wire ASAHI SION 300cm Pre-shape | D33: 1835103-A | E33: ATN-21134 | F33: AMT3-099-008 | G33: ATN-18523 | H33: 1932108-0 | I33: ATN-20769 | J33: OHP-LS-9612 | K33: OHP-LS-9613 | M33: 50 | N33: 70 | O33: - | P33: - | R33: - | T33: - | U33: - | V33: - | Y33: JN-6438 | Z33: JN-6439 | AA33: JN-6440 | AB33: JN-6441 | AC33: JN-6442 | AD33: JN-6443 | AE33: JN-6420 | AF33: JN-6421 | AG33: JN-6422 | AH33: JN-6423 | AI33: JN-6424 | AJ33: JN-6425 | AR33: PTCA
A34: 11000961 | B34: 1931030-0-AK | C34: ASAHI PTCA Guide Wire ASAHI SION 190cm | D34: 1835103-A | E34: ATN-21134 | F34: AMT3-099-008 | G34: ATN-18523 | H34: 1932105-0 | I34: ATN-20766 | J34: OHP-LS-9606 | K34: OHP-LS-9607 | M34: 50 | N34: 70 | O34: - | P34: - | R34: - | T34: - | U34: - | V34: - | Y34: JN-6438 | Z34: JN-6439 | AA34: JN-6440 | AB34: JN-6441 | AC34: JN-6442 | AD34: JN-6443 | AE34: JN-6420 | AF34: JN-6421 | AG34: JN-6422 | AH34: JN-6423 | AI34: JN-6424 | AJ34: JN-6425 | AR34: PTCA
A35: 11000960 | B35: 1931034-0-AK | C35: ASAHI PTCA Guide Wire ASAHI SION 190cm J | D35: 1835103-A | E35: ATN-21134 | F35: AMT3-099-008 | G35: ATN-18523 | H35: 1932106-0 | I35: ATN-20767 | J35: OHP-LS-9608 | K35: OHP-LS-9609 | M35: 50 | N35: 70 | O35: - | P35: - | R35: - | T35: - | U35: - | V35: - | Y35: JN-6438 | Z35: JN-6439 | AA35: JN-6440 | AB35: JN-6441 | AC35: JN-6442 | AD35: JN-6443 | AE35: JN-6420 | AF35: JN-6421 | AG35: JN-6422 | AH35: JN-6423 | AI35: JN-6424 | AJ35: JN-6425 | AR35: PTCA
A36: 11003228 | B36: 1731151-C-A | C36: ASAHI PTCA Guide Wire ASAHI SION blue 300cm | D36: 1835104-A | E36: ATN-21444 | F36: AMT3-099-008 | G36: ATN-18523 | H36: 1932111-0 | I36: ATN-20555 | J36: OHP-LS-2356 | K36: OHP-LS-2357 | M36: 50 | N36: 70 | O36: - | P36: - | R36: - | T36: - | U36: - | V36: - | Y36: JN-6438 | Z36: JN-6439 | AA36: JN-6440 | AB36: JN-6441 | AC36: JN-6442 | AD36: JN-6443 | AE36: JN-6420 | AF36: JN-6421 | AG36: JN-6422 | AH36: JN-6423 | AI36: JN-6424 | AJ36: JN-6425 | AR36: PTCA
A37: 11003226 | B37: 1731152-C-A | C37: ASAHI PTCA Guide Wire ASAHI SION blue 300cm J | D37: 1835104-A | E37: ATN-21444 | F37: AMT3-099-008 | G37: ATN-18523 | H37: 1932112-0 | I37: ATN-20556 | J37: OHP-LS-2358 | K37: OHP-LS-2359 | M37: 50 | N37: 70 | O37: - | P37: - | R37: - | T37: - | U37: - | V37: - | Y37: JN-6438 | Z37: JN-6439 | AA37: JN-6440 | AB37: JN-6441 | AC37: JN-6442 | AD37: JN-6443 | AE37: JN-6420 | AF37: JN-6421 | AG37: JN-6422 | AH37: JN-6423 | AI37: JN-6424 | AJ37: JN-6425 | AR37: PTCA
A38: 11015190 | B38: 1931024-0-A | C38: ASAHI PTCA Guide Wire ASAHI SION blue 300cm Pre-shape | D38: 1835104-A | E38: ATN-21444 | F38: AMT3-099-008 | G38: ATN-18523 | H38: 1932116-0 | I38: ATN-20773 | J38: OHP-LS-9620 | K38: OHP-LS-9621 | M38: 50 | N38: 70 | O38: - | P38: - | R38: - | T38: - | U38: - | V38: - | Y38: JN-6438 | Z38: JN-6439 | AA38: JN-6440 | AB38: JN-6441 | AC38: JN-6442 | AD38: JN-6443 | AE38: JN-6420 | AF38: JN-6421 | AG38: JN-6422 | AH38: JN-6423 | AI38: JN-6424 | AJ38: JN-6425 | AR38: PTCA
... A42: 11000522 | B42: 2031034-A-A | C42: ASAHI PTCA Guide Wire ASAHI Gladius EX14 300cm Pre-shape | D42: 2035007-A | E42: ATN-21671 | F42: AMT3-078-009 | G42: ATN-19777 | H42: 1932135-0 | I42: ATN-19451 | J42: OHP-LS-10035 | K42: OHP-LS-10036 | M42: 50 | N42: 70 | O42: - | P42: - | R42: - | T42: - | U42: - | V42: - | Y42: JN-6438 | Z42: JN-6439 | AA42: JN-6440 | AB42: JN-6441 | AC42: JN-6442 | AD42: JN-6443 | AE42: JN-6420 | AF42: JN-6421 | AG42: JN-6422 | AH42: JN-6423 | AI42: JN-6424 | AJ42: JN-6425 | AR42: PTCA
A43: 11005074 | B43: 1556112-E-A | C43: STREAMING 14 135CM | D43: 1835209-A | E43: ATN-22265 | F43: AMT3-099-009 | G43: ATN-18876 | H43: 1832365-0 | I43: ATN-19444 | J43: ATN-16802 | K43: ATN-16802 | M43: 55 | N43: 65 | O43: - | P43: - | R43: - | T43: - | U43: - | V43: OHP-LS-10445 | Y43: JN-6438 | Z43: JN-6439 | AA43: JN-6440 | AB43: JN-6441 | AC43: JN-6442 | AD43: JN-6443 | AE43: JN-6436 | AF43: JN-6437 | AR43: PTCA
A44: 11005070 | B44: 1556113-E-A | C44: STREAMING 14 165CM | D44: 1835209-A | E44: ATN-22265 | F44: AMT3-099-009 | G44: ATN-18876 | H44: 1832364-0 | I44: ATN-19443 | J44: ATN-16803 | K44: ATN-16803 | M44: 55 | N44: 65 | O44: - | P44: - | R44: - | T44: - | U44: - | V44: OHP-LS-10445 | Y44: JN-6438 | Z44: JN-6439 | AA44: JN-6440 | AB44: JN-6441 | AC44: JN-6442 | AD44: JN-6443 | AE44: JN-6436 | AF44: JN-6437 | AR44: PTCA
A45: 11101866 | B45: 1931108-B-AK | C45: ASAHI Peripheral Guide Wire ASAHI Halberd14 Pre-Shape 300cm | D45: 1935020-A | E45: ATN-19045 | F45: AMT3-151-007 | G45: ATN-22100 | H45: 2032232-0 | I45: ATN-22093 | J45: OHP-LS-14529 | K45: OHP-LS-14530 | M45: 60 | N45: 70 | O45: 68 | P45: 105 | R45: - | T45: OHP-LS-15384 | U45: OHP-LS-15385 | V45: - | Y45: JN-6438 | Z45: JN-6439 | AA45: JN-6440 | AB45: JN-6441 | AC45: JN-6442 | AD45: JN-6443 | AE45: JN-6426 | AF45: JN-6427 | AG45: JN-6428 | AH45: JN-6429 | AI45: JN-6430 | AJ45: JN-6431 | AK45: JN-6432 | AL45: JN-6433 | AM45: JN-6434 | AN45: JN-6435 | AR45: PTCA
A46: 11101867 | B46: 1931109-A-AK | C46: ASAHI Peripheral Guide Wire ASAHI Halberd18 Straight 200cm | D46: 1935021-A | E46: ATN-19047 | F46: AMT3-099-009 | G46: ATN-18876 | H46: 1832290-0 | I46: ATN-19664 | J46: OHP-LS-14531 | K46: OHP-LS-14532 | M46: 60 | N46: 70 | O46: 68 | P46: 105 | R46: - | T46: OHP-LS-15386 | U46: OHP-LS-15387 | V46: - | Y46: JN-6438 | Z46: JN-6439 | AA46: JN-6440 | AB46: JN-6441 | AC46: JN-6442 | AD46: JN-6443 | AE46: JN-6426 | AF46: JN-6427 | AG46: JN-6428 | AH46: JN-6429 | AI46: JN-6430 | AJ46: JN-6431 | AK46: JN-6432 | AL46: JN-6433 | AM46: JN-6434 | AN46: JN-6435 | AR46: PTCA
A47: 11101868 | B47: 1931110-A-AK | C47: ASAHI Peripheral Guide Wire ASAHI Halberd18 Pre-Shape 200cm | D47: 1935021-A | E47: ATN-19047 | F47: AMT3-099-009 | G47: ATN-18876 | H47: 1832291-0 | I47: ATN-19665 | J47: OHP-LS-14533 | K47: OHP-LS-14534 | M47: 60 | N47: 70 | O47: 68 | P47: 105 | R47: - | T47: OHP-LS-15388 | U47: OHP-LS-15389 | V47: - | Y47: JN-6438 | Z47: JN-6439 | AA47: JN-6440 | AB47: JN-6441 | AC47: JN-6442 | AD47: JN-6443 | AE47: JN-6426 | AF47: JN-6427 | AG47: JN-6428 | AH47: JN-6429 | AI47: JN-6430 | AJ47: JN-6431 | AK47: JN-6432 | AL47: JN-6433 | AM47: JN-6434 | AN47: JN-6435 | AR47: PTCA
A48: 11101869 | B48: 1931111-A-AK | C48: ASAHI Peripheral Guide Wire ASAHI Halberd18 Straight 235cm | D48: 1935021-A | E48: ATN-19047 | F48: AMT3-099-009 | G48: ATN-18876 | H48: 1832292-0 | I48: ATN-19666 | J48: OHP-LS-14535 | K48: OHP-LS-14536 | M48: 60 | N48: 70 | O48: 68 | P48: 105 | R48: - | T48: OHP-LS-15390 | U48: OHP-LS-15391 | V48: - | Y48: JN-6438 | Z48: JN-6439 | AA48: JN-6440 | AB48: JN-6441 | AC48: JN-6442 | AD48: JN-6443 | AE48: JN-6426 | AF48: JN-6427 | AG48: JN-6428 | AH48: JN-6429 | AI48: JN-6430 | AJ48: JN-6431 | AK48: JN-6432 | AL48: JN-6433 | AM48: JN-6434 | AN48: JN-6435 | AR48: PTCA
A49: 11101870 | B49: 1931112-A-AK | C49: ASAHI Peripheral Guide Wire ASAHI Halberd18 Pre-Shape 235cm | D49: 1935021-A | E49: ATN-19047 | F49: AMT3-099-009 | G49: ATN-18876 | H49: 1832293-0 | I49: ATN-19667 | J49: OHP-LS-14537 | K49: OHP-LS-14538 | M49: 60 | N49: 70 | O49: 68 | P49: 105 | R49: - | T49: OHP-LS-15392 | U49: OHP-LS-15393 | V49: - | Y49: JN-6438 | Z49: JN-6439 | AA49: JN-6440 | AB49: JN-6441 | AC49: JN-6442 | AD49: JN-6443 | AE49: JN-6426 | AF49: JN-6427 | AG49: JN-6428 | AH49: JN-6429 | AI49: JN-6430 | AJ49: JN-6431 | AK49: JN-6432 | AL49: JN-6433 | AM49: JN-6434 | AN49: JN-6435 | AR49: PTCA
A50: 11101871 | B50: 1931113-A-AK | C50: ASAHI Peripheral Guide Wire ASAHI Halberd18 Straight 300cm | D50: 1935021-A | E50: ATN-19047 | F50: AMT3-099-009 | G50: ATN-18876 | H50: 1832294-0 | I50: ATN-19668 | J50: OHP-LS-14539 | K50: OHP-LS-14540 | M50: 60 | N50: 70 | O50: 68 | P50: 105 | R50: - | T50: OHP-LS-15394 | U50: OHP-LS-15395 | V50: - | Y50: JN-6438 | Z50: JN-6439 | AA50: JN-6440 | AB50: JN-6441 | AC50: JN-6442 | AD50: JN-6443 | AE50: JN-6426 | AF50: JN-6427 | AG50: JN-6428 | AH50: JN-6429 | AI50: JN-6430 | AJ50: JN-6431 | AK50: JN-6432 | AL50: JN-6433 | AM50: JN-6434 | AN50: JN-6435 | AR50: PTCA
A51: 11101872 | B51: 1931114-A-AK | C51: ASAHI Peripheral Guide Wire ASAHI Halberd 18 Pre-shape 300cm | D51: 1935021-A | E51: ATN-19047 | F51: AMT3-099-009 | G51: ATN-18876 | H51: 1832295-0 | I51: ATN-19669 | J51: OHP-LS-14541 | K51: OHP-LS-14542 | M51: 60 | N51: 70 | O51: 68 | P51: 105 | R51: - | T51: OHP-LS-15396 | U51: OHP-LS-15397 | V51: - | Y51: JN-6438 | Z51: JN-6439 | AA51: JN-6440 | AB51: JN-6441 | AC51: JN-6442 | AD51: JN-6443 | AE51: JN-6426 | AF51: JN-6427 | AG51: JN-6428 | AH51: JN-6429 | AI51: JN-6430 | AJ51: JN-6431 | AK51: JN-6432 | AL51: JN-6433 | AM51: JN-6434 | AN51: JN-6435 | AR51: PTCA
A52: 11103121 | B52: 1731128-B-AK | C52: ASAHI PTCA Guide Wire GRAND SLAM 300cm | D52: 1835098-0 | E52: ATN-22785 | F52: AMT3-120-006 | G52: ATN-22569 | H52: 1832378-0 | I52: ATN-20519 | J52: OHP-LS-2310 | K52: OHP-LS-2311 | M52: 50 | N52: 70 | O52: - | P52: - | R52: - | T52: - | U52: - | V52: - | Y52: JN-6438 | Z52: JN-6439 | AA52: JN-6440 | AB52: JN-6441 | AC52: JN-6442 | AD52: JN-6443 | AE52: JN-6420 | AF52: JN-6421 | AG52: JN-6422 | AH52: JN-6423 | AI52: JN-6424 | AJ52: JN-6425 | AR52: PTCA
A53: 11103208 | B53: 1731127-B-AK | C53: ASAHI PTCA Guide Wire GRAND SLAM 180cm | D53: 1835098-0 | E53: ATN-22785 | F53: AMT3-120-006 | G53: ATN-22569 | H53: 1832377-0 | I53: ATN-20010 | J53: OHP-LS-2308 | K53: OHP-LS-2309 | M53: 50 | N53: 70 | O53: - | P53: - | R53: - | T53: - | U53: - | V53: - | Y53: JN-6438 | Z53: JN-6439 | AA53: JN-6440 | AB53: JN-6441 | AC53: JN-6442 | AD53: JN-6443 | AE53: JN-6420 | AF53: JN-6421 | AG53: JN-6422 | AH53: JN-6423 | AI53: JN-6424 | AJ53: JN-6425 | AR53: PTCA
A54: 11103209 | B54: 1731144-B-AK | C54: ASAHI PTCA Guide Wire SOFT 300 cm | D54: 1835097-0 | E54: ATN-22913 | F54: AMT3-099-008 | G54: ATN-18523 | H54: 1832182-0 | I54: ATN-20164 | J54: OHP-LS-2342 | K54: OHP-LS-2343 | M54: 50 | N54: 70 | O54: - | P54: - | R54: - | T54: - | U54: - | V54: - | Y54: JN-6438 | Z54: JN-6439 | AA54: JN-6440 | AB54: JN-6441 | AC54: JN-6442 | AD54: JN-6443 | AE54: JN-6420 | AF54: JN-6421 | AG54: JN-6422 | AH54: JN-6423 | AI54: JN-6424 | AJ54: JN-6425 | AR54: PTCA
A55: 11103210 | B55: 1731087-B-AK | C55: ASAHI PTCA Guide Wire MIRACLE bros3 180 cm | D55: 1835108-0 | E55: ATN-22786 | F55: AMT3-153-006 | G55: ATN-22570 | H55: 1832310-0 | I55: ATN-20501 | J55: OHP-LS-2480 | K55: OHP-LS-2481 | M55: 50 | N55: 70 | O55: - | P55: - | R55: 24 | T55: - | U55: - | V55: - | Y55: JN-6438 | Z55: JN-6439 | AA55: JN-6440 | AB55: JN-6441 | AC55: JN-6442 | AD55: JN-6443 | AE55: JN-6420 | AF55: JN-6421 | AG55: JN-6422 | AH55: JN-6423 | AI55: JN-6424 | AJ55: JN-6425 | AK55: JN-4503 | AL55: JN-5418 | AM55: JN-5419 | AN55: JN-5420 | AO55: JN-5422 | AR55: PTCA
A56: 11103211 | B56: 1731091-B-AK | C56: ASAHI PTCA Guide Wire MIRACLE bros6 180 cm | D56: 1835108-0 | E56: ATN-22786 | F56: AMT3-154-006 | G56: ATN-22571 | H56: 1832314-0 | I56: ATN-20009 | J56: OHP-LS-2484 | K56: OHP-LS-2485 | M56: 50 | N56: 70 | O56: - | P56: - | R56: 24 | T56: - | U56: - | V56: - | Y56: JN-6438 | Z56: JN-6439 | AA56: JN-6440 | AB56: JN-6441 | AC56: JN-6442 | AD56: JN-6443 | AE56: JN-6420 | AF56: JN-6421 | AG56: JN-6422 | AH56: JN-6423 | AI56: JN-6424 | AJ56: JN-6425 | AK56: JN-4503 | AL56: JN-5418 | AM56: JN-5419 | AN56: JN-5420 | AO56: JN-5422 | AR56: PTCA
A57: 11103212 | B57: 1731093-B-AK | C57: ASAHI PTCA Guide Wire MIRACLE bros12 180 cm | D57: 1835108-0 | E57: ATN-22786 | F57: AMT3-156-006 | G57: ATN-22572 | H57: 1832319-0 | I57: ATN-20028 | J57: OHP-LS-2488 | K57: OHP-LS-2489 | M57: 50 | N57: 70 | O57: - | P57: - | R57: 24 | T57: - | U57: - | V57: - | Y57: JN-6438 | Z57: JN-6439 | AA57: JN-6440 | AB57: JN-6441 | AC57: JN-6442 | AD57: JN-6443 | AE57: JN-6420 | AF57: JN-6421 | AG57: JN-6422 | AH57: JN-6423 | AI57: JN-6424 | AJ57: JN-6425 | AK57: JN-4503 | AL57: JN-5418 | AM57: JN-5419 | AN57: JN-5420 | AO57: JN-5422 | AR57: PTCA
A58: 11103213 | B58: 1731088-B-AK | C58: ASAHI PTCA Guide Wire MIRACLE bros3 300 cm | D58: 1835108-0 | E58: ATN-22786 | F58: AMT3-153-006 | G58: ATN-22570 | H58: 1832311-0 | I58: ATN-20502 | J58: OHP-LS-2482 | K58: OHP-LS-2483 | M58: 50 | N58: 70 | O58: - | P58: - | R58: 24 | T58: - | U58: - | V58: - | Y58: JN-6438 | Z58: JN-6439 | AA58: JN-6440 | AB58: JN-6441 | AC58: JN-6442 | AD58: JN-6443 | AE58: JN-6420 | AF58: JN-6421 | AG58: JN-6422 | AH58: JN-6423 | AI58: JN-6424 | AJ58: JN-6425 | AK58: JN-4503 | AL58: JN-5418 | AM58: JN-5419 | AN58: JN-5420 | AO58: JN-5422 | AR58: PTCA
A59: 11103214 | B59: 1731092-B-AK | C59: ASAHI PTCA Guide Wire MIRACLE bros6 300 cm | D59: 1835108-0 | E59: ATN-22786 | F59: AMT3-154-006 | G59: ATN-22571 | H59: 1832315-0 | I59: ATN-20505 | J59: OHP-LS-2486 | K59: OHP-LS-2487 | M59: 50 | N59: 70 | O59: - | P59: - | R59: 24 | T59: - | U59: - | V59: - | Y59: JN-6438 | Z59: JN-6439 | AA59: JN-6440 | AB59: JN-6441 | AC59: JN-6442 | AD59: JN-6443 | AE59: JN-6420 | AF59: JN-6421 | AG59: JN-6422 | AH59: JN-6423 | AI59: JN-6424 | AJ59: JN-6425 | AK59: JN-4503 | AL59: JN-5418 | AM59: JN-5419 | AN59: JN-5420 | AO59: JN-5422 | AR59: PTCA
A60: 11103215 | B60: 1731094-B-AK | C60: ASAHI PTCA Guide Wire MIRACLE bros12 300 cm | D60: 1835108-0 | E60: ATN-22786 | F60: AMT3-156-006 | G60: ATN-22572 | H60: 1832321-0 | I60: ATN-20510 | J60: OHP-LS-2490 | K60: OHP-LS-2491 | M60: 50 | N60: 70 | O60: - | P60: - | R60: 24 | T60: - | U60: - | V60: - | Y60: JN-6438 | Z60: JN-6439 | AA60: JN-6440 | AB60: JN-6441 | AC60: JN-6442 | AD60: JN-6443 | AE60: JN-6420 | AF60: JN-6421 | AG60: JN-6422 | AH60: JN-6423 | AI60: JN-6424 | AJ60: JN-6425 | AK60: JN-4503 | AL60: JN-5418 | AM60: JN-5419 | AN60: JN-5420 | AO60: JN-5422 | AR60: PTCA
A61: 11103203 | B61: 1731130-B-AK | C61: ASAHI PTCA Guide Wire GRAND SLAM 300 cm J | D61: 1835098-0 | E61: ATN-22785 | F61: AMT3-120-006 | G61: ATN-22569 | H61: 1832380-0 | I61: ATN-20520 | J61: OHP-LS-2314 | K61: OHP-LS-2315 | M61: 50 | N61: 70 | O61: - | P61: - | R61: - | T61: - | U61: - | V61: - | Y61: JN-6438 | Z61: JN-6439 | AA61: JN-6440 | AB61: JN-6441 | AC61: JN-6442 | AD61: JN-6443 | AE61: JN-6420 | AF61: JN-6421 | AG61: JN-6422 | AH61: JN-6423 | AI61: JN-6424 | AJ61: JN-6425 | AR61: PTCA
A62: 11107151 | B62: 1536011-C-AK | C62: ASAHI PTCA Guide Wire Fielder XT-R 190cm | D62: 1835147-B | E62: ATN-22130 | F62: AMT3-099-008 | G62: ATN-18523 | H62: 1832308-0 | I62: ATN-20027 | J62: OHP-LS-2240 | K62: OHP-LS-2241 | M62: 50 | N62: 70 | O62: - | P62: - | R62: - | T62: - | U62: - | V62: OHP-LS-10422 | Y62: JN-6438 | Z62: JN-6439 | AA62: JN-6440 | AB62: JN-6441 | AC62: JN-6442 | AD62: JN-6443 | AE62: JN-6420 | AF62: JN-6421 | AG62: JN-6422 | AH62: JN-6423 | AI62: JN-6424 | AJ62: JN-6425 | AR62: PTCA
A63: 11107153 | B63: 1536013-C-AK | C63: ASAHI PTCA Guide Wire Fielder XT-A 190cm | D63: 1835149-B | E63: ATN-22132 | F63: AMT3-099-008 | G63: ATN-18523 | H63: 1832327-0 | I63: ATN-20032 | J63: OHP-LS-2244 | K63: OHP-LS-2245 | M63: 50 | N63: 70 | O63: - | P63: - | R63: - | T63: - | U63: - | V63: OHP-LS-10422 | Y63: JN-6438 | Z63: JN-6439 | AA63: JN-6440 | AB63: JN-6441 | AC63: JN-6442 | AD63: JN-6443 | AE63: JN-6420 | AF63: JN-6421 | AG63: JN-6422 | AH63: JN-6423 | AI63: JN-6424 | AJ63: JN-6425 | AR63: PTCA
A64: 11107152 | B64: 1536012-C-AK | C64: ASAHI PTCA Guide Wire Fielder XT-R 300cm | D64: 1835147-B | E64: ATN-22130 | F64: AMT3-099-008 | G64: ATN-18523 | H64: 1832309-0 | I64: ATN-20499 | J64: OHP-LS-2242 | K64: OHP-LS-2243 | M64: 50 | N64: 70 | O64: - | P64: - | R64: - | T64: - | U64: - | V64: OHP-LS-10422 | Y64: JN-6438 | Z64: JN-6439 | AA64: JN-6440 | AB64: JN-6441 | AC64: JN-6442 | AD64: JN-6443 | AE64: JN-6420 | AF64: JN-6421 | AG64: JN-6422 | AH64: JN-6423 | AI64: JN-6424 | AJ64: JN-6425 | AR64: PTCA
A65: 11107154 | B65: 1536014-C-AK | C65: ASAHI PTCA Guide Wire Fielder XT-A 300cm | D65: 1835149-B | E65: ATN-22132 | F65: AMT3-099-008 | G65: ATN-18523 | H65: 1832328-0 | I65: ATN-20224 | J65: OHP-LS-2246 | K65: OHP-LS-2247 | M65: 50 | N65: 70 | O65: - | P65: - | R65: - | T65: - | U65: - | V65: OHP-LS-10422 | Y65: JN-6438 | Z65: JN-6439 | AA65: JN-6440 | AB65: JN-6441 | AC65: JN-6442 | AD65: JN-6443 | AE65: JN-6420 | AF65: JN-6421 | AG65: JN-6422 | AH65: JN-6423 | AI65: JN-6424 | AJ65: JN-6425 | AR65: PTCA
A66: 11107178 | B66: 1556125-E-AK | C66: ASAHI Peripheral Guide Wire Regalia XS 1.0 300cm | D66: 1835166-B | E66: ATN-22135 | F66: AMT3-099-009 | G66: ATN-18876 | H66: 1832186-0 | I66: ATN-19399 | J66: ATN-16805 | K66: ATN-16805 | M66: 50 | N66: 70 | O66: - | P66: - | R66: - | T66: - | U66: - | V66: OHP-LS-2121 | Y66: JN-6438 | Z66: JN-6439 | AA66: JN-6440 | AB66: JN-6441 | AC66: JN-6442 | AD66: JN-6443 | AE66: JN-6420 | AF66: JN-6421 | AG66: JN-6422 | AH66: JN-6423 | AI66: JN-6424 | AJ66: JN-6425 | AR66: PTCA
A67: 11103202 | B67: 1731129-B-AK | C67: ASAHI PTCA Guide Wire GRAND SLAM 180cm J | D67: 1835098-0 | E67: ATN-22785 | F67: AMT3-120-006 | G67: ATN-22569 | H67: 1832379-0 | I67: ATN-20033 | J67: OHP-LS-2312 | K67: OHP-LS-2313 | M67: 50 | N67: 70 | O67: - | P67: - | R67: - | T67: - | U67: - | V67: - | Y67: JN-6438 | Z67: JN-6439 | AA67: JN-6440 | AB67: JN-6441 | AC67: JN-6442 | AD67: JN-6443 | AE67: JN-6420 | AF67: JN-6421 | AG67: JN-6422 | AH67: JN-6423 | AI67: JN-6424 | AJ67: JN-6425 | AR67: PTCA
A68: 11107177 | B68: 1556124-E-AK | C68: ASAHI Peripheral Guide Wire Regalia XS 1.0 | D68: 1835166-B | E68: ATN-22135 | F68: AMT3-099-009 | G68: ATN-18876 | H68: 1832187-0 | I68: ATN-19400 | J68: ATN-16859 | K68: ATN-16859 | M68: 50 | N68: 70 | O68: - | P68: - | R68: - | T68: - | U68: - | V68: OHP-LS-2121 | Y68: JN-6438 | Z68: JN-6439 | AA68: JN-6440 | AB68: JN-6441 | AC68: JN-6442 | AD68: JN-6443 | AE68: JN-6420 | AF68: JN-6421 | AG68: JN-6422 | AH68: JN-6423 | AI68: JN-6424 | AJ68: JN-6425 | AR68: PTCA
A69: 11106953 | B69: 1731116-D-AK | C69: ASAHI PTCA Guide Wire ASAHI SION 300cm | D69: 1835103-A | E69: ATN-21134 | F69: AMT3-103-010 | G69: ATN-22018 | H69: 1832195-A | I69: ATN-20170 | J69: OHP-LS-2290 | K69: OHP-LS-2291 | M69: 50 | N69: 70 | O69: - | P69: - | R69: - | T69: - | U69: - | V69: - | Y69: JN-6438 | Z69: JN-6439 | AA69: JN-6440 | AB69: JN-6441 | AC69: JN-6442 | AD69: JN-6443 | AE69: JN-6420 | AF69: JN-6421 | AG69: JN-6422 | AH69: JN-6423 | AI69: JN-6424 | AJ69: JN-6425 | AR69: PTCA
A70: 11106954 | B70: 1731147-D-AK | C70: ASAHI PTCA Guide Wire ASAHI SION 180cm J | D70: 1835103-A | E70: ATN-21134 | F70: AMT3-103-010 | G70: ATN-22018 | H70: 1832197-A | I70: ATN-20171 | J70: OHP-LS-2348 | K70: OHP-LS-2349 | M70: 50 | N70: 70 | O70: - | P70: - | R70: - | T70: - | U70: - | V70: - | Y70: JN-6438 | Z70: JN-6439 | AA70: JN-6440 | AB70: JN-6441 | AC70: JN-6442 | AD70: JN-6443 | AE70: JN-6420 | AF70: JN-6421 | AG70: JN-6422 | AH70: JN-6423 | AI70: JN-6424 | AJ70: JN-6425 | AR70: PTCA
A71: 11107319 | B71: 1731148-D-AK | C71: ASAHI PTCA Guide Wire ASAHI SION 300cm J | D71: 1835103-A | E71: ATN-21134 | F71: AMT3-103-010 | G71: ATN-22018 | H71: 1832198-A | I71: ATN-20172 | J71: OHP-LS-2350 | K71: OHP-LS-2351 | M71: 50 | N71: 70 | O71: - | P71: - | R71: - | T71: - | U71: - | V71: - | Y71: JN-6438 | Z71: JN-6439 | AA71: JN-6440 | AB71: JN-6441 | AC71: JN-6442 | AD71: JN-6443 | AE71: JN-6420 | AF71: JN-6421 | AG71: JN-6422 | AH71: JN-6423 | AI71: JN-6424 | AJ71: JN-6425 | AR71: PTCA
A72: 11106956 | B72: 1731150-D-A | C72: ASAHI PTCA Guide Wire ASAHI SION blue 180cm J | D72: 1835104-A | E72: ATN-21444 | F72: AMT3-074-010 | G72: ATN-22017 | H72: 1932110-A | I72: ATN-20554 | J72: OHP-LS-2354 | K72: OHP-LS-2355 | M72: 50 | N72: 70 | O72: - | P72: - | R72: - | T72: - | U72: - | V72: - | Y72: JN-6438 | Z72: JN-6439 | AA72: JN-6440 | AB72: JN-6441 | AC72: JN-6442 | AD72: JN-6443 | AE72: JN-6420 | AF72: JN-6421 | AG72: JN-6422 | AH72: JN-6423 | AI72: JN-6424 | AJ72: JN-6425 | AR72: PTCA
... A82: 11107317 | B82: 1931034-A-AK | C82: ASAHI PTCA Guide Wire ASAHI SION 190cm J | D82: 1835103-A | E82: ATN-21134 | F82: AMT3-103-010 | G82: ATN-22018 | H82: 1932106-A | I82: ATN-20767 | J82: OHP-LS-9608 | K82: OHP-LS-9609 | M82: 50 | N82: 70 | O82: - | P82: - | R82: - | T82: - | U82: - | V82: - | Y82: JN-6438 | Z82: JN-6439 | AA82: JN-6440 | AB82: JN-6441 | AC82: JN-6442 | AD82: JN-6443 | AE82: JN-6420 | AF82: JN-6421 | AG82: JN-6422 | AH82: JN-6423 | AI82: JN-6424 | AJ82: JN-6425 | AR82: PTCA
A83: 11106579 | B83: 1436196-H-A | C83: ASAHI PTCA Guide Wire ASAHI SION blue 180cm | D83: 2135080-0 | E83: ATN-23020 | F83: AMT3-074-010 | G83: ATN-22017 | H83: 1832170-0 | I83: ATN-19392 | J83: OHP-LS-8629 | K83: OHP-LS-8630 | M83: 50 | N83: 70 | O83: 68 | P83: 105 | R83: - | T83: OHP-LS-7934 | U83: OHP-LS-7935 | V83: - | Y83: JN-6438 | Z83: JN-6439 | AA83: JN-6440 | AB83: JN-6441 | AC83: JN-6442 | AD83: JN-6443 | AE83: JN-6420 | AF83: JN-6421 | AG83: JN-6422 | AH83: JN-6423 | AI83: JN-6424 | AJ83: JN-6425 | AK83: JN-6432 | AL83: JN-6433 | AM83: JN-6434 | AN83: JN-6435 | AR83: PTCA
A84: 11106936 | B84: 2031287-0-AK | C84: PCI Guide Wire ASAHI Gaia Next 1 190cm Pre-shape | D84: 2035059-0 | E84: ATN-23014 | F84: AMT3-139-019 | G84: ATN-19834 | H84: 2032050-0 | I84: ATN-22255 | J84: OHP-LS-13644 | K84: OHP-LS-13645 | M84: 50 | N84: 70 | O84: - | P84: - | R84: - | T84: - | U84: - | V84: OHP-LS-13643 | Y84: JN-6438 | Z84: JN-6439 | AA84: JN-6440 | AB84: JN-6441 | AC84: JN-6442 | AD84: JN-6443 | AE84: JN-6420 | AF84: JN-6421 | AG84: JN-6422 | AH84: JN-6423 | AI84: JN-6424 | AJ84: JN-6425 | AR84: PTCA
A85: 11106937 | B85: 2031290-0-AK | C85: PCI Guide Wire ASAHI Gaia Next 2 190cm Pre-shape | D85: 2035060-0 | E85: ATN-23015 | F85: AMT3-139-019 | G85: ATN-19834 | H85: 2032051-0 | I85: ATN-22256 | J85: OHP-LS-13646 | K85: OHP-LS-13647 | M85: 50 | N85: 70 | O85: - | P85: - | R85: - | T85: - | U85: - | V85: OHP-LS-13643 | Y85: JN-6438 | Z85: JN-6439 | AA85: JN-6440 | AB85: JN-6441 | AC85: JN-6442 | AD85: JN-6443 | AE85: JN-6420 | AF85: JN-6421 | AG85: JN-6422 | AH85: JN-6423 | AI85: JN-6424 | AJ85: JN-6425 | AR85: PTCA
A86: 11106938 | B86: 2031293-0-AK | C86: PCI Guide Wire ASAHI Gaia Next 3 190cm Pre-shape | D86: 2035061-0 | E86: ATN-23016 | F86: AMT3-139-019 | G86: ATN-19834 | H86: 2032052-0 | I86: ATN-22257 | J86: OHP-LS-13648 | K86: OHP-LS-13649 | M86: 50 | N86: 70 | O86: - | P86: - | R86: - | T86: - | U86: - | V86: OHP-LS-13643 | Y86: JN-6438 | Z86: JN-6439 | AA86: JN-6440 | AB86: JN-6441 | AC86: JN-6442 | AD86: JN-6443 | AE86: JN-6420 | AF86: JN-6421 | AG86: JN-6422 | AH86: JN-6423 | AI86: JN-6424 | AJ86: JN-6425 | AR86: PTCA
A87: 11106943 | B87: 2031295-0-AK | C87: PCI Guide Wire ASAHI Gaia Next 3 300cm Pre-shape | D87: 2035061-0 | E87: ATN-23016 | F87: AMT3-139-019 | G87: ATN-19834 | H87: 2032064-0 | I87: ATN-22260 | J87: OHP-LS-13660 | K87: OHP-LS-13661 | M87: 50 | N87: 70 | O87: - | P87: - | R87: - | T87: - | U87: - | V87: OHP-LS-13643 | Y87: JN-6438 | Z87: JN-6439 | AA87: JN-6440 | AB87: JN-6441 | AC87: JN-6442 | AD87: JN-6443 | AE87: JN-6420 | AF87: JN-6421 | AG87: JN-6422 | AH87: JN-6423 | AI87: JN-6424 | AJ87: JN-6425 | AR87: PTCA
A88: 11101848 | B88: 2031032-A-A | C88: ASAHI PTCA Guide Wire ASAHI Gladius EX14 200cm Pre-shape | D88: 2035007-A | E88: ATN-21671 | F88: AMT3-078-009 | G88: ATN-19777 | H88: 1932133-0 | I88: ATN-19449 | J88: OHP-LS-10031 | K88: OHP-LS-10032 | M88: 50 | N88: 70 | O88: - | P88: - | R88: - | T88: - | U88: - | V88: - | Y88: JN-6438 | Z88: JN-6439 | AA88: JN-6440 | AB88: JN-6441 | AC88: JN-6442 | AD88: JN-6443 | AE88: JN-6420 | AF88: JN-6421 | AG88: JN-6422 | AH88: JN-6423 | AI88: JN-6424 | AJ88: JN-6425 | AR88: PTCA
A89: 11103430 | B89: 2B1001-W-AK | C89: Soutenir 3mm | D89: 1935049-0 | E89: ATN-23134 | F89: AMT10-001-007 | G89: ATN-21685 | H89: 1942149-0 | I89: ATN-20036 | J89: OHP-LS-12786 | K89: OHP-LS-12787 | M89: #N/A | N89: #N/A | O89: #N/A | P89: #N/A | R89: #N/A | T89: - | U89: - | V89: - | Y89: JN-6438 | Z89: JN-6439 | AA89: JN-6440 | AB89: JN-6441 | AC89: JN-6442 | AD89: JN-6443 | AR89: PTCA
A90: 11103431 | B90: 2B1002-W-AK | C90: Soutenir 5mm | D90: 1935049-0 | E90: ATN-23134 | F90: AMT10-001-007 | G90: ATN-21685 | H90: 1942150-0 | I90: ATN-20037 | J90: OHP-LS-12788 | K90: OHP-LS-12789 | M90: #N/A | N90: #N/A | O90: #N/A | P90: #N/A | R90: #N/A | T90: - | U90: - | V90: - | Y90: JN-6438 | Z90: JN-6439 | AA90: JN-6440 | AB90: JN-6441 | AC90: JN-6442 | AD90: JN-6443 | AR90: PTCA
A91: 11103432 | B91: 2B1003-W-AK | C91: Soutenir 7mm | D91: 1935049-0 | E91: ATN-23134 | F91: AMT10-001-007 | G91: ATN-21685 | H91: 1942151-0 | I91: ATN-20038 | J91: OHP-LS-12790 | K91: OHP-LS-12791 | M91: #N/A | N91: #N/A | O91: #N/A | P91: #N/A | R91: #N/A | T91: - | U91: - | V91: - | Y91: JN-6438 | Z91: JN-6439 | AA91: JN-6440 | AB91: JN-6441 | AC91: JN-6442 | AD91: JN-6443 | AR91: PTCA
A92: 11107430 | B92: 2131703-0-A | C92: ASAHI PTCA Guide Wire ASAHI SION blue ES 190cm | D92: 2235013-0 | E92: ATN-23194 | F92: AMT3-105-008 | G92: ATN-22019 | H92: 1932117-0 | I92: ATN-21984 | J92: OHP-LS-14153 | K92: OHP-LS-14154 | M92: 50 | N92: 70 | O92: - | P92: - | R92: - | T92: - | U92: - | V92: - | Y92: JN-6438 | Z92: JN-6439 | AA92: JN-6440 | AB92: JN-6441 | AC92: JN-6442 | AD92: JN-6443 | AE92: JN-6420 | AF92: JN-6421 | AG92: JN-6422 | AH92: JN-6423 | AI92: JN-6424 | AJ92: JN-6425 | AR92: PTCA
A93: 11110464 | B93: 2B1001-X-AK | C93: Soutenir 3mm | D93: 1935049-A | E93: ATN-23134 | F93: AMT10-001-007 | G93: ATN-21685 | H93: 1942149-0 | I93: ATN-20036 | J93: OHP-LS-12786 | K93: OHP-LS-12787 | M93: #N/A | N93: #N/A | O93: #N/A | P93: #N/A | R93: #N/A | T93: - | U93: - | V93: - | Y93: JN-6438 | Z93: JN-6439 | AA93: JN-6440 | AB93: JN-6441 | AC93: JN-6442 | AD93: JN-6443 | AR93: PTCA
A94: 11110465 | B94: 2B1002-X-AK | C94: Soutenir 5mm | D94: 1935049-A | E94: ATN-23134 | F94: AMT10-001-007 | G94: ATN-21685 | H94: 1942150-0 | I94: ATN-20037 | J94: OHP-LS-12788 | K94: OHP-LS-12789 | M94: #N/A | N94: #N/A | O94: #N/A | P94: #N/A | R94: #N/A | T94: - | U94: - | V94: - | Y94: JN-6438 | Z94: JN-6439 | AA94: JN-6440 | AB94: JN-6441 | AC94: JN-6442 | AD94: JN-6443 | AR94: PTCA
A95: 11110466 | B95: 2B1003-X-AK | C95: Soutenir 7mm | D95: 1935049-A | E95: ATN-23134 | F95: AMT10-001-007 | G95: ATN-21685 | H95: 1942151-0 | I95: ATN-20038 | J95: OHP-LS-12790 | K95: OHP-LS-12791 | M95: #N/A | N95: #N/A | O95: #N/A | P95: #N/A | R95: #N/A | T95: - | U95: - | V95: - | Y95: JN-6438 | Z95: JN-6439 | AA95: JN-6440 | AB95: JN-6441 | AC95: JN-6442 | AD95: JN-6443 | AR95: PTCA
A96: 11110214 | B96: 1831080-C-AK | C96: ASAHI PTCA Guide Wire ASAHI Gladius MG14 ES 190cm Pre-shape | D96: 1935028-A | E96: ATN-21446 | F96: AMT3-086-007 | G96: ATN-21129 | H96: 1932067-0 | I96: ATN-20536 | J96: OHP-LS-13411 | K96: OHP-LS-13412 | M96: 60 | N96: 70 | O96: - | P96: - | R96: - | T96: - | U96: - | V96: - | Y96: JN-6438 | Z96: JN-6439 | AA96: JN-6440 | AB96: JN-6441 | AC96: JN-6442 | AD96: JN-6443 | AE96: JN-6426 | AF96: JN-6427 | AG96: JN-6428 | AH96: JN-6429 | AI96: JN-6430 | AJ96: JN-6431 | AR96: PTCA
A97: 11111150 | B97: 1831228-A-AK | C97: ASAHI PTCA Guide Wire ASAHI Miracle Neo 3 Straight 190cm | D97: 1835053-A | E97: ATN-19015 | F97: AMT3-099-008 | G97: ATN-18523 | H97: 1832270-0 | I97: ATN-19432 | J97: OHP-LS-13421 | K97: OHP-LS-13422 | M97: 50 | N97: 70 | O97: - | P97: - | R97: - | T97: - | U97: - | V97: - | Y97: JN-6438 | Z97: JN-6439 | AA97: JN-6440 | AB97: JN-6441 | AC97: JN-6442 | AD97: JN-6443 | AE97: JN-6420 | AF97: JN-6421 | AG97: JN-6422 | AH97: JN-6423 | AI97: JN-6424 | AJ97: JN-6425 | AR97: PTCA
A98: 11111171 | B98: 2031148-B-AK | C98: ASAHI PTCA Guide Wire ASAHI Conquest Pro 8-20 190cm Pre-shape | D98: 2035015-A | E98: ATN-21767 | F98: AMT3-112-005 | G98: ATN-21813 | H98: 1932436-A | I98: ATN-21780 | J98: OHP-LS-10160 | K98: OHP-LS-10161 | M98: 50 | N98: 70 | O98: - | P98: - | R98: - | T98: - | U98: - | V98: - | Y98: JN-6438 | Z98: JN-6439 | AA98: JN-6440 | AB98: JN-6441 | AC98: JN-6442 | AD98: JN-6443 | AE98: JN-6420 | AF98: JN-6421 | AG98: JN-6422 | AH98: JN-6423 | AI98: JN-6424 | AJ98: JN-6425 | AR98: PTCA
A99: 11110189 | B99: 1831089-C-AK | C99: ASAHI Peripheral Guide Wire ASAHI Gladius MG14 PV 300cm Straight | D99: 1935029-A | E99: ATN-21427 | F99: AMT3-085-008 | G99: ATN-21128 | H99: 1932066-0 | I99: ATN-20535 | J99: OHP-LS-7575 | K99: OHP-LS-7576 | M99: 60 | N99: 70 | O99: - | P99: - | R99: - | T99: - | U99: - | V99: - | Y99: JN-6438 | Z99: JN-6439 | AA99: JN-6440 | AB99: JN-6441 | AC99: JN-6442 | AD99: JN-6443 | AE99: JN-6426 | AF99: JN-6427 | AG99: JN-6428 | AH99: JN-6429 | AI99: JN-6430 | AJ99: JN-6431 | AR99: PTCA
A100: 11110193 | B100: 1831093-C-AK | C100: ASAHI Peripheral Guide Wire ASAHI Gladius MG14 PV ES 235cm Straight | D100: 1935030-A | E100: ATN-21428 | F100: AMT3-086-007 | G100: ATN-21129 | H100: 1932072-0 | I100: ATN-20541 | J100: OHP-LS-7583 | K100: OHP-LS-7584 | M100: 60 | N100: 70 | O100: - | P100: - | R100: - | T100: - | U100: - | V100: - | Y100: JN-6438 | Z100: JN-6439 | AA100: JN-6440 | AB100: JN-6441 | AC100: JN-6442 | AD100: JN-6443 | AE100: JN-6426 | AF100: JN-6427 | AG100: JN-6428 | AH100: JN-6429 | AI100: JN-6430 | AJ100: JN-6431 | AR100: PTCA
A101: 11110196 | B101: 1831096-C-AK | C101: ASAHI Peripheral Guide Wire ASAHI Gladius MG18 PV ES 190cm Pre-shape | D101: 1935031-A | E101: ATN-21257 | F101: AMT3-087-008 | G101: ATN-21130 | H101: 1932077-0 | I101: ATN-20546 | J101: OHP-LS-7593 | K101: OHP-LS-7594 | M101: 60 | N101: 70 | O101: - | P101: - | R101: - | T101: - | U101: - | V101: - | Y101: JN-6438 | Z101: JN-6439 | AA101: JN-6440 | AB101: JN-6441 | AC101: JN-6442 | AD101: JN-6443 | AE101: JN-6426 | AF101: JN-6427 | AG101: JN-6428 | AH101: JN-6429 | AI101: JN-6430 | AJ101: JN-6431 | AR101: PTCA
A102: 11110199 | B102: 1831099-C-AK | C102: ASAHI Peripheral Guide Wire ASAHI Gladius MG18 PV ES 235cm Straight | D102: 1935031-A | E102: ATN-21257 | F102: AMT3-087-008 | G102: ATN-21130 | H102: 1932080-0 | I102: ATN-20549 | J102: OHP-LS-7595 | K102: OHP-LS-7596 | M102: 60 | N102: 70 | O102: - | P102: - | R102: - | T102: - | U102: - | V102: - | Y102: JN-6438 | Z102: JN-6439 | AA102: JN-6440 | AB102: JN-6441 | AC102: JN-6442 | AD102: JN-6443 | AE102: JN-6426 | AF102: JN-6427 | AG102: JN-6428 | AH102: JN-6429 | AI102: JN-6430 | AJ102: JN-6431 | AR102: PTCA
A103: 11110203 | B103: 1831207-A-AK | C103: ASAHI Peripheral Guide Wire Gladius18 Pre-shape 235cm | D103: 1835070-A | E103: ATN-21256 | F103: AMT3-099-009 | G103: ATN-18876 | H103: 1832226-0 | I103: ATN-19418 | J103: OHP-LS-12371 | K103: OHP-LS-12372 | M103: 60 | N103: 70 | O103: - | P103: - | R103: - | T103: - | U103: - | V103: - | Y103: JN-6438 | Z103: JN-6439 | AA103: JN-6440 | AB103: JN-6441 | AC103: JN-6442 | AD103: JN-6443 | AE103: JN-6426 | AF103: JN-6427 | AG103: JN-6428 | AH103: JN-6429 | AI103: JN-6430 | AJ103: JN-6431 | AR103: PTCA
A104: 11110206 | B104: 1831210-A-AK | C104: ASAHI Peripheral Guide Wire Gladius18 Straight 235cm | D104: 1835070-A | E104: ATN-21256 | F104: AMT3-099-009 | G104: ATN-18876 | H104: 1832225-0 | I104: ATN-19417 | J104: OHP-LS-12377 | K104: OHP-LS-12378 | M104: 60 | N104: 70 | O104: - | P104: - | R104: - | T104: - | U104: - | V104: - | Y104: JN-6438 | Z104: JN-6439 | AA104: JN-6440 | AB104: JN-6441 | AC104: JN-6442 | AD104: JN-6443 | AE104: JN-6426 | AF104: JN-6427 | AG104: JN-6428 | AH104: JN-6429 | AI104: JN-6430 | AJ104: JN-6431 | AR104: PTCA
A105: 11111013 | B105: 1831238-B-AK | C105: ASAHI Peripheral Guide Wire Halberd14 Pre-shape 200cm | D105: 1835068-A | E105: ATN-18994 | F105: AMT3-151-007 | G105: ATN-22100 | H105: 2032228-0 | I105: ATN-22089 | J105: OHP-LS-12381 | K105: OHP-LS-12382 | M105: 60 | N105: 70 | O105: 68 | P105: 105 | R105: - | T105: - | U105: - | V105: - | Y105: JN-6438 | Z105: JN-6439 | AA105: JN-6440 | AB105: JN-6441 | AC105: JN-6442 | AD105: JN-6443 | AE105: JN-6426 | AF105: JN-6427 | AG105: JN-6428 | AH105: JN-6429 | AI105: JN-6430 | AJ105: JN-6431 | AK105: JN-6432 | AL105: JN-6433 | AM105: JN-6434 | AN105: JN-6435 | AR105: PTCA
A106: 11110407 | B106: 09B1001-K-AK | C106: Soutenir NV 3mm | D106: 1935050-A | E106: ATN-21682 | F106: AMT10-001-007 | G106: ATN-21685 | H106: 1942149-0 | I106: ATN-20036 | J106: OHP-LS-12792 | K106: OHP-LS-12793 | M106: #N/A | N106: #N/A | O106: #N/A | P106: #N/A | R106: #N/A | T106: - | U106: - | V106: - | Y106: JN-6438 | Z106: JN-6439 | AA106: JN-6440 | AB106: JN-6441 | AC106: JN-6442 | AD106: JN-6443 | AR106: PTCA
A107: 11110410 | B107: 10B1003-E-AK | C107: Soutenir CV 7mm | D107: 1935048-A | E107: ATN-21681 | F107: AMT10-001-007 | G107: ATN-21685 | H107: 1942151-0 | I107: ATN-20038 | J107: ATN-10374 | K107: ATN-10374 | M107: #N/A | N107: #N/A | O107: #N/A | P107: #N/A | R107: #N/A | T107: - | U107: - | V107: - | Y107: JN-6438 | Z107: JN-6439 | AA107: JN-6440 | AB107: JN-6441 | AC107: JN-6442 | AD107: JN-6443 | AR107: PTCA
A108: 11110411 | B108: 10B1004-E-AK | C108: Soutenir CV 3mm (Short Type) | D108: 1935048-A | E108: ATN-21681 | F108: AMT10-001-007 | G108: ATN-21685 | H108: 1942152-0 | I108: ATN-20039 | J108: ATN-10375 | K108: ATN-10375 | M108: #N/A | N108: #N/A | O108: #N/A | P108: #N/A | R108: #N/A | T108: - | U108: - | V108: - | Y108: JN-6438 | Z108: JN-6439 | AA108: JN-6440 | AB108: JN-6441 | AC108: JN-6442 | AD108: JN-6443 | AR108: PTCA
A109: 11110412 | B109: 10B1005-E-AK | C109: Soutenir CV 5mm (Short Type) | D109: 1935048-A | E109: ATN-21681 | F109: AMT10-001-007 | G109: ATN-21685 | H109: 1942153-0 | I109: ATN-20040 | J109: ATN-10376 | K109: ATN-10376 | M109: #N/A | N109: #N/A | O109: #N/A | P109: #N/A | R109: #N/A | T109: - | U109: - | V109: - | Y109: JN-6438 | Z109: JN-6439 | AA109: JN-6440 | AB109: JN-6441 | AC109: JN-6442 | AD109: JN-6443 | AR109: PTCA
A110: 11103355 | B110: 1731146-B-AK | C110: ASAHI PTCA Guide Wire SOFT 300cm J | D110: 1835097-0 | E110: ATN-22913 | F110: AMT3-101-006 | G110: ATN-22568 | H110: 1832185-0 | I110: ATN-20166 | J110: OHP-LS-2346 | K110: OHP-LS-2347 | M110: 50 | N110: 70 | O110: - | P110: - | R110: - | T110: - | U110: - | V110: - | Y110: JN-6438 | Z110: JN-6439 | AA110: JN-6440 | AB110: JN-6441 | AC110: JN-6442 | AD110: JN-6443 | AE110: JN-6420 | AF110: JN-6421 | AG110: JN-6422 | AH110: JN-6423 | AI110: JN-6424 | AJ110: JN-6425 | AR110: PTCA
A111: 11111259 | B111: 656002-T-A | C111: Streaming 14 165cm | D111: 1935046-0 | E111: ATN-19206 | F111: AMT3-099-009 | G111: ATN-18876 | H111: 1832364-A | I111: ATN-19443 | J111: OHP-LS-19697 | K111: OHP-LS-19698 | M111: 55 | N111: 65 | O111: - | P111: - | R111: - | T111: - | U111: - | V111: - | Y111: JN-6438 | Z111: JN-6439 | AA111: JN-6440 | AB111: JN-6441 | AC111: JN-6442 | AD111: JN-6443 | AE111: JN-6436 | AF111: JN-6437 | AR111: PTCA
A112: 11111260 | B112: 656003-T-A | C112: Streaming 14 180cm | D112: 1935046-0 | E112: ATN-19206 | F112: AMT3-099-009 | G112: ATN-18876 | H112: 1832362-A | I112: ATN-19441 | J112: OHP-LS-19699 | K112: OHP-LS-19700 | M112: 55 | N112: 65 | O112: - | P112: - | R112: - | T112: - | U112: - | V112: - | Y112: JN-6438 | Z112: JN-6439 | AA112: JN-6440 | AB112: JN-6441 | AC112: JN-6442 | AD112: JN-6443 | AE112: JN-6436 | AF112: JN-6437 | AR112: PTCA
...

Sheet PTCA Packing 2
A1: Item SAP | B1: Item Code | C1: Name | D1: Dwg no. | E1: Doc. no. | F1: Japan doc No. | G1: Master SOP | H1: Product
A2: 11103260 | B2: 656001-S-A | C2: Streaming 14 135cm | D2: 1935046-0 | E2: ATN-19213 | F2: AMT3-099-012 | G2: ATN-18877 | H2: PTCA
A3: 11103259 | B3: 656002-S-A | C3: Streaming 14 165cm | D3: 1935046-0 | E3: ATN-19213 | F3: AMT3-099-012 | G3: ATN-18877 | H3: PTCA
A4: 11103261 | B4: 656003-S-A | C4: Streaming 14 180cm | D4: 1935046-0 | E4: ATN-19213 | F4: AMT3-099-012 | G4: ATN-18877 | H4: PTCA
A5: 11103265 | B5: 656007-S-A | C5: Streaming 18 165cm | D5: 1935047-0 | E5: ATN-19214 | F5: AMT3-099-012 | G5: ATN-18877 | H5: PTCA
A6: 11103266 | B6: 656008-S-A | C6: Streaming 18 180cm | D6: 1935047-0 | E6: ATN-19214 | F6: AMT3-099-012 | G6: ATN-18877 | H6: PTCA
A7: 11000955 | B7: 1931039-A-A | C7: ASAHI PTCA Guide Wire ASAHI SION blue ES 190cm | D7: 1935015-A | E7: ATN-19014 | F7: AMT3-099-011 | G7: ATN-18524 | H7: PTCA
A8: 11000913 | B8: 1931113-0-AK | C8: ASAHI Peripheral Guide Wire ASAHI Halberd18 Straight 300cm | D8: 1935021-0 | E8: ATN-19048 | F8: AMT3-099-012 | G8: ATN-18877 | H8: PTCA
A9: 11000912 | B9: 1931114-0-AK | C9: ASAHI Peripheral Guide Wire ASAHI Halberd18 Pre-shape 300cm | D9: 1935021-0 | E9: ATN-19048 | F9: AMT3-099-012 | G9: ATN-18877 | H9: PTCA
A10: 11000918 | B10: 1931108-0-A | C10: ASAHI Peripheral Guide Wire ASAHI Halberd14 Pre-shape 300cm | D10: 1935020-0 | E10: ATN-19046 | F10: AMT3-099-012 | G10: ATN-18877 | H10: PTCA
A11: 11000919 | B11: 1931107-0-A | C11: ASAHI Peripheral Guide Wire ASAHI Halberd14 Straight 300cm | D11: 1935020-0 | E11: ATN-19046 | F11: AMT3-099-012 | G11: ATN-18877 | H11: PTCA
A12: 11000917 | B12: 1931109-0-AK | C12: ASAHI Peripheral Guide Wire ASAHI Halberd18 Straight 200cm | D12: 1935021-0 | E12: ATN-19048 | F12: AMT3-099-012 | G12: ATN-18877 | H12: PTCA
A13: 11000920 | B13: 1931106-0-A | C13: ASAHI Peripheral Guide Wire ASAHI Halberd14 Pre-shape 235cm | D13: 1935020-0 | E13: ATN-19046 | F13: AMT3-099-012 | G13: ATN-18877 | H13: PTCA
... A400: 11125790 | B400: 2031013-E-AK | C400: ASAHI Peripheral Guide Wire ASAHI Gladius MG14 PV ES 235cm Straight | D400: 2035005-D | E400: ATN-21675 | F400: AMT3-086-008 | G400: ATN-21132 | H400: PTCA
A401: 11125791 | B401: 2031014-E-AK | C401: ASAHI Peripheral Guide Wire ASAHI Gladius MG14 PV ES 235cm Pre-shape | D401: 2035005-D | E401: ATN-21675 | F401: AMT3-086-008 | G401: ATN-21132 | H401: PTCA
A402: 11125792 | B402: 2031015-E-AK | C402: ASAHI Peripheral Guide Wire ASAHI Gladius MG14 PV ES 300cm Straight | D402: 2035005-D | E402: ATN-21675 | F402: AMT3-086-008 | G402: ATN-21132 | H402: PTCA
A403: 11125793 | B403: 2031016-E-AK | C403: ASAHI Peripheral Guide Wire ASAHI Gladius MG14 PV ES 300cm Pre-shape | D403: 2035005-D | E403: ATN-21675 | F403: AMT3-086-008 | G403: ATN-21132 | H403: PTCA
A404: 11125794 | B404: 2031017-E-AK | C404: ASAHI Peripheral Guide Wire ASAHI Gladius MG18 PV ES 190cm Straight | D404: 2035006-D | E404: ATN-21676 | F404: AMT3-087-009 | G404: ATN-21133 | H404: PTCA
A405: 11125795 | B405: 2031018-E-AK | C405: ASAHI Peripheral Guide Wire ASAHI Gladius MG18 PV ES 190cm Pre-shape | D405: 2035006-D | E405: ATN-21676 | F405: AMT3-087-009 | G405: ATN-21133 | H405: PTCA
A406: 11125796 | B406: 2031019-E-AK | C406: ASAHI Peripheral Guide Wire ASAHI Gladius MG18 PV ES 235cm Straight | D406: 2035006-D | E406: ATN-21676 | F406: AMT3-087-009 | G406: ATN-21133 | H406: PTCA
A407: 11125797 | B407: 2031020-E-AK | C407: ASAHI Peripheral Guide Wire ASAHI Gladius MG18 PV ES 235cm Pre-shape | D407: 2035006-D | E407: ATN-21676 | F407: AMT3-087-009 | G407: ATN-21133 | H407: PTCA
A408: 11125798 | B408: 2031021-E-AK | C408: ASAHI Peripheral Guide Wire ASAHI Gladius MG18 PV ES 300cm Straight | D408: 2035006-D | E408: ATN-21676 | F408: AMT3-087-009 | G408: ATN-21133 | H408: PTCA
A409: 11125799 | B409: 2031022-E-AK | C409: ASAHI Peripheral Guide Wire ASAHI Gladius MG18 PV ES 300cm Pre-shape | D409: 2035006-D | E409: ATN-21676 | F409: AMT3-087-009 | G409: ATN-21133 | H409: PTCA
A410: 11121966 | B410: 1556125-H-AK | C410: ASAHI Peripheral Guide Wire Regalia XS 1.0 300cm | D410: 1835166-C | E410: ATN-22142 | F410: AMT3-102-009 | G410: ATN-24851 | H410: PTCA
A411: 11121974 | B411: 1536014-F-AK | C411: ASAHI PTCA Guide Wire Fielder XT-A 300cm | D411: 1835149-C | E411: ATN-22139 | F411: AMT3-162-010 | G411: ATN-25272 | H411: PTCA
A412: 11125732 | B412: 656002-W-A | C412: Streaming 14 165cm | D412: 1935046-B | E412: ATN-19213 | F412: AMT3-130-009 | G412: ATN-24854 | H412: PTCA
A413: 11125733 | B413: 656003-W-A | C413: Streaming 14 180cm | D413: 1935046-B | E413: ATN-19213 | F413: AMT3-130-009 | G413: ATN-24854 | H413: PTCA
A414: 11125734 | B414: 656004-W-A | C414: Streaming 14 180cm Angle | D414: 1935046-B | E414: ATN-19213 | F414: AMT3-130-009 | G414: ATN-24854 | H414: PTCA
A415: 11125737 | B415: 656007-W-A | C415: Streaming 18 165cm | D415: 1935047-B | E415: ATN-19214 | F415: AMT3-132-008 | G415: ATN-24859 | H415: PTCA
A416: 11125738 | B416: 656008-W-A | C416: Streaming 18 180cm | D416: 1935047-B | E416: ATN-19214 | F416: AMT3-132-008 | G416: ATN-24859 | H416: PTCA
A417: 11125626 | B417: 1356020-L-AK | C417: ASAHI Peripheral Guide Wire Treasure Floppy 300cm | D417: 1835191-C | E417: ATN-19042 | F417: AMT3-229-006 | G417: ATN-25448 | H417: PTCA
A418: 11125669 | B418: 1931108-E-AK | C418: ASAHI Peripheral Guide Wire ASAHI Halberd14 Pre-shape 300cm | D418: 1935020-B | E418: ATN-19046 | F418: AMT3-232-006 | G418: ATN-25083 | H418: PTCA
A419: 11126848 | B419: 2231001-B-AK | C419: ASAHI Peripheral Guide Wire ASAHI Gaia PV18 Pre-shape 235cm | D419: 2135121-A | E419: ATN-23653 | F419: AMT3-150-008 | G419: ATN-25030 | H419: PTCA
A420: 11126849 | B420: 2231002-B-AK | C420: ASAHI Peripheral Guide Wire ASAHI Gaia PV18 Pre-shape 300cm | D420: 2135121-A | E420: ATN-23653 | F420: AMT3-150-008 | G420: ATN-25030 | H420: PTCA
A421: 11126850 | B421: 2231003-B-AK | C421: ASAHI Peripheral Guide Wire ASAHI Gaia PV18 Pre-shape 200cm | D421: 2135121-A | E421: ATN-23653 | F421: AMT3-150-008 | G421: ATN-25030 | H421: PTCA
A422: 11126851 | B422: 2231004-B-AK | C422: ASAHI Peripheral Guide Wire ASAHI Gaia PV18 Straight 300cm | D422: 2135121-A | E422: ATN-23653 | F422: AMT3-150-008 | G422: ATN-25030 | H422: PTCA
A423: 11126852 | B423: 2231005-B-AK | C423: ASAHI Peripheral Guide Wire ASAHI Gaia PV18 Straight 200cm | D423: 2135121-A | E423: ATN-23653 | F423: AMT3-150-008 | G423: ATN-25030 | H423: PTCA
A424: 11126853 | B424: 2231006-B-AK | C424: ASAHI Peripheral Guide Wire ASAHI Gaia PV18 Straight 235cm | D424: 2135121-A | E424: ATN-23653 | F424: AMT3-150-008 | G424: ATN-25030 | H424: PTCA
A425: 11126854 | B425: 2231007-B-AK | C425: ASAHI Peripheral Guide Wire Astato XS 20 180cm | D425: 2135122-A | E425: ATN-23654 | F425: AMT3-112-006 | G425: ATN-21815 | H425: PTCA
A426: 11126855 | B426: 2231008-B-AK | C426: ASAHI Peripheral Guide Wire Astato XS 20 300cm | D426: 2135122-A | E426: ATN-23654 | F426: AMT3-112-006 | G426: ATN-21815 | H426: PTCA
... A561: 11126817 | B561: 2131685-C-AK | C561: ASAHI PTCA Guide Wire ULTIMATEbros 3 300cm | D561: 2235014-B | E561: ATN-23222 | F561: AMT3-104-008 | G561: ATN-24847 | H561: PTCA
A562: 11123342 | B562: 2231220-0-AK | C562: CROSSLEAD 0.14inch 100cm Pre-shape | D562: 2235040-0 | E562: ATN-25113 | F562: AMT3-205-025 | G562: ATN-25115 | H562: PTCA
A563: 11123344 | B563: 2231222-0-AK | C563: CROSSLEAD 0.14inch 200cm Pre-shape | D563: 2235038-0 | E563: ATN-25112 | F563: AMT3-205-025 | G563: ATN-25115 | H563: PTCA
A564: 11120133 | B564: 1831078-E-AK | C564: ASAHI PTCA Guide Wire ASAHI Gladius MG14 300cm Pre-shape | D564: 1935026-B | E564: ATN-21484 | F564: AMT3-085-009 | G564: ATN-21131 | H564: PTCA
A565: 11124971 | B565: 1831189-C-AK | C565: ASAHI Peripheral Guide Wire Cruise 300cm | D565: 1835056-B | E565: ATN-19018 | F565: AMT3-102-009 | G565: ATN-24851 | H565: PTCA
A566: 11124972 | B566: 1831190-C-AK | C566: ASAHI Peripheral Guide Wire Cruise | D566: 1835056-B | E566: ATN-19018 | F566: AMT3-102-009 | G566: ATN-24851 | H566: PTCA
A567: 11124973 | B567: 1831191-C-AK | C567: ASAHI PTCA Guide Wire ASAHI SION | D567: 1835044-B | E567: ATN-21452 | F567: AMT3-103-011 | G567: ATN-22021 | H567: PTCA
A568: 11124974 | B568: 1831192-D-AK | C568: ASAHI PTCA Guide Wire ASAHI SION 190cm | D568: 1835054-C | E568: ATN-21456 | F568: AMT3-103-011 | G568: ATN-22021 | H568: PTCA
A569: 11124975 | B569: 1831193-C-AK | C569: ASAHI PTCA Guide Wire ASAHI ULTIMATEbros 3 | D569: 1835037-B | E569: ATN-25585 | F569: AMT3-104-008 | G569: ATN-24847 | H569: PTCA
A570: 11124982 | B570: 1831200-D-AK | C570: ASAHI Peripheral Guide Wire Gladius14 Pre-shape 200cm | D570: 1835071-B | E570: ATN-19020 | F570: AMT3-108-009 | G570: ATN-22102 | H570: PTCA
A571: 11124983 | B571: 1831201-D-AK | C571: ASAHI Peripheral Guide Wire Gladius14 Pre-shape 235cm | D571: 1835071-B | E571: ATN-19020 | F571: AMT3-108-009 | G571: ATN-22102 | H571: PTCA
A572: 11124987 | B572: 1831205-D-AK | C572: ASAHI Peripheral Guide Wire Gladius14 straight 300cm | D572: 1835071-B | E572: ATN-19020 | F572: AMT3-108-009 | G572: ATN-22102 | H572: PTCA
A573: 11124988 | B573: 1831206-C-AK | C573: ASAHI Peripheral Guide Wire Gladius18 pre-shape 200cm | D573: 1835070-B | E573: ATN-21258 | F573: AMT3-109-009 | G573: ATN-24990 | H573: PTCA
A574: 11124993 | B574: 1831211-C-AK | C574: ASAHI Peripheral Guide Wire Gladius18 straight 300cm | D574: 1835070-B | E574: ATN-21258 | F574: AMT3-109-009 | G574: ATN-24990 | H574: PTCA
A575: 11124994 | B575: 1831212-C-AK | C575: ASAHI PTCA Guide Wire Conquest Pro | D575: 1835035-B | E575: ATN-21343 | F575: AMT3-110-008 | G575: ATN-24882 | H575: PTCA
... A590: 11126965 | B590: 2031287-B-AK | C590: PCI Guide Wire ASAHI Gaia Next 1 190cm Pre-shape | D590: 2035059-B | E590: ATN-23026 | F590: AMT3-139-022 | G590: ATN-19835 | H590: PTCA
A591: 11126966 | B591: 2031288-B-AK | C591: PCI Guide Wire ASAHI Gaia Next 1 235cm Pre-shape | H591: PTCA
A592: 11126967 | B592: 2031289-B-AK | C592: PCI Guide Wire ASAHI Gaia Next 1 300cm Pre-shape | H592: PTCA
A593: 11126968 | B593: 2031290-B-AK | C593: PCI Guide Wire ASAHI Gaia Next 2 190cm Pre-shape | D593: 2035060-B | E593: ATN-23027 | F593: AMT3-139-022 | G593: ATN-19835 | H593: PTCA
A594: 11126969 | B594: 2031291-B-AK | C594: PCI Guide Wire ASAHI Gaia Next 2 235cm Pre-shape | H594: PTCA
A595: 11126970 | B595: 2031292-B-AK | C595: PCI Guide Wire ASAHI Gaia Next 2 300cm Pre-shape | H595: PTCA
A596: 11126971 | B596: 2031293-B-AK | C596: PCI Guide Wire ASAHI Gaia Next 3 190cm Pre-shape | D596: 2035061-B | E596: ATN-23028 | F596: AMT3-139-022 | G596: ATN-19835 | H596: PTCA
A597: 11126972 | B597: 2031294-B-AK | C597: PCI Guide Wire ASAHI Gaia Next 3 235cm Pre-shape | H597: PTCA
A598: 11126973 | B598: 2031295-B-AK | C598: PCI Guide Wire ASAHI Gaia Next 3 300cm Pre-shape | H598: PTCA
A599: 11126891 | B599: 1536015-H-AK | C599: ASAHI PTCA Guide Wire ASAHI SION black STRAIGHT | D599: 1835150-D | E599: ATN-22140 | F599: AMT3-164-013 | G599: ATN-25005 | H599: PTCA
A600: 11126951 | B600: 1931017-F-A | C600: ASAHI PTCA Guide Wire ASAHI SION blue ES 190cm | D600: 1935003-D | E600: ATN-21474 | F600: AMT3-105-009 | G600: ATN-22022 | H600: PTCA
A601: 11126909 | B601: 1556120-J-AK | C601: ASAHI Peripheral Guide Wire Treasure 12 | D601: 1835168-D | E601: ATN-23669 | F601: AMT3-161-007 | G601: ATN-25028 | H601: PTCA
A602: 11126913 | B602: 1556126-H-AK | C602: ASAHI Peripheral Guide Wire Astato 30 | D602: 1835167-D | E602: ATN-22326 | F602: AMT3-135-012 | G602: ATN-24977 | H602: PTCA
A603: 11126914 | B603: 1556127-H-AK | C603: ASAHI Peripheral Guide Wire Astato 30 300cm | D603: 1835167-D | E603: ATN-22326 | F603: AMT3-135-012 | G603: ATN-24977 | H603: PTCA
A604: 11126915 | B604: 1556128-K-AK | C604: ASAHI Peripheral Guide Wire Astato XS 20 | D604: 1835167-D | E604: ATN-22326 | F604: AMT3-112-006 | G604: ATN-21815 | H604: PTCA
A605: 11126916 | B605: 1556129-K-AK | C605: ASAHI Peripheral Guide Wire Astato XS 20 300cm | D605: 1835167-D | E605: ATN-22326 | F605: AMT3-112-006 | G605: ATN-21815 | H605: PTCA
A606: 11126923 | B606: 1731040-G-AK | C606: ASAHI Peripheral Guide Wire ASAHI Halberd18 Straight 200cm | D606: 1835170-D | E606: ATN-21516 | F606: AMT3-152-008 | G606: ATN-25016 | H606: PTCA
A607: 11126927 | B607: 1731044-G-AK | C607: ASAHI Peripheral Guide Wire ASAHI Halberd18 Straight 300cm | D607: 1835170-D | E607: ATN-21516 | F607: AMT3-152-008 | G607: ATN-25016 | H607: PTCA
A608: 11126929 | B608: 1731046-H-AK | C608: ASAHI Peripheral Guide Wire ASAHI Gladius14 Straight 200cm | H608: PTCA
A609: 11126930 | B609: 1731047-H-AK | C609: ASAHI Peripheral Guide Wire ASAHI Gladius14 Pre-shape 200cm | D609: 1835211-D | E609: ATN-22328 | F609: AMT3-108-009 | G609: ATN-22102 | H609: PTCA
A610: 11126933 | B610: 1731050-H-AK | C610: ASAHI Peripheral Guide Wire ASAHI Gladius14 Straight 300cm | D610: 1835211-D | E610: ATN-22328 | F610: AMT3-108-009 | G610: ATN-22102 | H610: PTCA
A611: 11126936 | B611: 1731053-G-AK | C611: ASAHI Peripheral Guide Wire ASAHI Gladius18 Pre-shape 200cm | D611: 1835171-D | E611: ATN-22327 | F611: AMT3-109-009 | G611: ATN-24990 | H611: PTCA
A612: 11126939 | B612: 1731056-G-AK | C612: ASAHI Peripheral Guide Wire ASAHI Gladius18 Straight 300cm | D612: 1835171-D | E612: ATN-22327 | F612: AMT3-109-009 | G612: ATN-24990 | H612: PTCA
A613: 11126947 | B613: 1731064-G-AK | C613: ASAHI Peripheral Guide Wire Astato XS 40 200cm | D613: 1835173-D | E613: ATN-22531 | F613: AMT3-099-229 | G613: ATN-21963 | H613: PTCA
A614: 11126948 | B614: 1731065-G-AK | C614: ASAHI Peripheral Guide Wire Astato XS 40 300cm | D614: 1835173-D | E614: ATN-22531 | F614: AMT3-099-229 | G614: ATN-21963 | H614: PTCA
A615: 11103690 | B615: 2331088-0-AK-S | C615: ASAHI PTCA Guide Wire ASAHI SION 190cm | D615: 2335014-0 | E615: ATN-24117 | F615: AMT3-103-011 | G615: ATN-22021 | H615: PTCA
A616: 11126270 | B616: 2131003-0-AK | C616: PCI Guide Wire Grand Slam 180cm Straight | D616: 2035109-0 | E616: ATN-25404 | F616: AMT3-120-007 | G616: ATN-22574 | H616: PTCA
A617: 11126271 | B617: 2131004-0-AK | C617: PCI Guide Wire Grand Slam 300cm Straight | D617: 2035109-0 | E617: ATN-25404 | F617: AMT3-120-007 | G617: ATN-22574 | H617: PTCA
A618: 11126272 | B618: 2131005-0-AK | C618: PCI Guide Wire Miracle 3 180cm Straight | D618: 2035106-0 | E618: ATN-25403 | F618: AMT3-153-007 | G618: ATN-22575 | H618: PTCA
A619: 11126273 | B619: 2131007-0-AK | C619: PCI Guide Wire Miracle 3 300cm Straight | D619: 2035106-0 | E619: ATN-25403 | F619: AMT3-153-007 | G619: ATN-22575 | H619: PTCA
A620: 11126274 | B620: 2131008-0-AK | C620: PCI Guide Wire Miracle 6 180cm Straight | D620: 2035106-0 | E620: ATN-25403 | F620: AMT3-154-007 | G620: ATN-22576 | H620: PTCA
... A864: 11134115 | B864: 2531356-0-AK | C864: Extension Wire Extension 165cm | D864: 2535072-0 | E864: ATN-26127 | F864: AMT3-138-006 | G864: ATN-24484 | H864: PTCA
A865: 11007539 | B865: 0936077-M-A | C865: ASAHI PTCA Guide Wire SION 180cm | D865: 1435058-A | E865: ATN-5218 | H865: PTCA
A866: 11007537 | B866: 0936078-M-A | C866: ASAHI PTCA Guide Wire SION 300cm | D866: 1435058-A | E866: ATN-5218 | H866: PTCA
B867: 0936088-J-A | C867: ASAHI Guide Wire Extension 165cm | D867: 1435067-A | E867: ATN-5218 | H867: PTCA
B868: 0956007-E-A | C868: ASAHI Peripheral Guide Wire Astato 30 180cm | D868: 1055004-B | E868: ATN-15663 | H868: PTCA
B869: 0956008-E-A | C869: ASAHI Peripheral Guide Wire Astato 30 300cm | D869: 1055004-B | E869: ATN-15663 | H869: PTCA
B870: 0956009-E-A | C870: ASAHI Peripheral Guide Wire Regalia XS 1.0 180cm | D870: 1055003-B | E870: ATN-11554 | H870: PTCA
B871: 0956010-E-A | C871: ASAHI Peripheral Guide Wire Regalia XS 1.0 300cm | D871: 1055003-B | E871: ATN-11554 | H871: PTCA
B872: 0956011-G-A | C872: ASAHI Peripheral Guide Wire Treasure 12 180cm | D872: 1055005-B | E872: ATN-15664 | H872: PTCA
B873: 0956012-G-A | C873: ASAHI Peripheral Guide Wire Treasure 12 300cm | D873: 1055005-B | E873: ATN-15664 | H873: PTCA
B874: 09B1002-G-A | C874: Soutenir NV 5mm | D874: 09B5001-C | E874: ATN-10847 | H874: PTCA
B875: 09B1003-G-A | C875: Soutenir NV 7mm | D875: 09B5001-C | E875: ATN-10847 | H875: PTCA
B876: 1036001-D-A | C876: ASAHI PTCA GUIDE WIRE CONFIANZA 180cm | D876: 535002-D | E876: ATN-5218 | H876: PTCA
A877: 11007178 | B877: 1036001-F-A | C877: ASAHI PTCA GUIDE WIRE CONFIANZA 180cm | D877: 1435047-A | E877: ATN-5218 | H877: PTCA
...

Sheet Template
A1: Attachment | BF1: Bag | BG1: Box | BI1: JIG | BJ1: 1 | BK1: 2 | BL1: 3 | BM1: 4 | BN1: 5 | BO1: 6 | BP1: 7 | BQ1: 8 | BR1: 9 | BS1: 10 | BT1: 11 | BU1: 12 | BV1: 13 | BW1: 14 | BX1: 15 | BY1: 16 | BZ1: 17 | CA1: 18
BF2: ITEM | BG2: LOT | BH2: Q'TY
A3: QR Code | AF3: 1.Promos system | CC3: ="@1)" -> @1) | CD3: ="@2)" -> @2) | CE3: ="@3)" -> @3) | CF3: ="@4)" -> @4) | CG3: ="@5)" -> @5) | CH3: ="@99)Print" -> @99)Print
AO4: Item Code : | BF4: 1 | BG4: 2 | BH4: Match
AO5: Lot : | BD5: Print | BE5: Product label | BF5: {=INDEX('PTCA Packing 1'!J:J,MATCH($BF3,'PTCA Packing 1'!$B:$B,0),0)} -> #N/A | BG5: {=INDEX('PTCA Packing 1'!K:K,MATCH($BF3,'PTCA Packing 1'!$B:$B,0),0)} -> #N/A | BH5: =$CC$3&BF3&$CD$3&BG3&$CE$3&BF5&$CF$3&BG5&$CH$3 -> #N/A
AO6: Order No : | BE6: Dilator label | BH6: =$CC$3&BF4&$CD$3&BG4&$CE$3&BF6&$CF$3&BG6&$CH$3 -> @1)1@2)2@3) @4)@99)Print
A7: ITEM : | D7: =BF3 -> 0 | L7: LOT : | O7: =BG3 -> 0 | X7: Q'ty : | Z7: =BH3 -> 0 | AD7: Pcs | AO7: Item APS | BE7: Barcoode label | BH7: =$CC$3&BF5&$CD$3&BG5&$CE$3&BF7&$CF$3&BG7&$CH$3 -> #N/A
BE8: Barcode Dilator label | BH8: =$CC$3&BF6&$CD$3&BG6&$CE$3&BF8&$CF$3&BG8&$CH$3 -> @1) @2)@3)@4)@99)Print
A9: 2.Print label process | BE9: CN label | BF9: {=INDEX('PTCA Packing 1'!T:T,MATCH($BF3,'PTCA Packing 1'!$B:$B,0),0)} -> #N/A | BG9: {=INDEX('PTCA Packing 1'!U:U,MATCH($BF3,'PTCA Packing 1'!$B:$B,0),0)} -> #N/A | BH9: =$CC$3&BF7&$CD$3&BG7&$CE$3&BF9&$CF$3&BG9&$CH$3 -> #N/A
A10: Product label (Label check sheet ) | AC10: Dilator label (Label check sheet ) | BE10: KR label | BF10: {=INDEX('PTCA Packing 1'!V:V,MATCH($BF3,'PTCA Packing 1'!$B:$B,0),0)} -> #N/A | BG10: {=INDEX('PTCA Packing 1'!K:K,MATCH($BF3,'PTCA Packing 1'!$B:$B,0),0)} -> #N/A | BH10: =$CC$3&BF8&$CD$3&BG8&$CE$3&BF10&$CF$3&BG10&$CH$3 -> #N/A
A11: Bag | H11: Box | O11: Matching | AC11: Bag | AJ11: Box | AQ11: Matching | BE11: Check Label (Ver.) | BH11: ATN-12346 ver.1.08
BE12: Scan Barcode (Ver.) | BH12: ATN-12346 ver.1.08
V13: Check by | AX13: Check by | BE13: Compare (Ver.) | BH13: ATN-12346 ver.1.08
BD14: Attach label and Seal process | BE14: Item | BF14: =$BF$3 -> 0 | BJ14: {=INDEX('PTCA Packing 1'!Y:Y,MATCH($BF$14,'PTCA Packing 2'!$B:$B,0),0)} -> #N/A | BK14: {=INDEX('PTCA Packing 1'!Z:Z,MATCH($BF$14,'PTCA Packing 2'!$B:$B,0),0)} -> #N/A | BL14: {=INDEX('PTCA Packing 1'!AA:AA,MATCH($BF$14,'PTCA Packing 2'!$B:$B,0),0)} -> #N/A | BM14: {=INDEX('PTCA Packing 1'!AB:AB,MATCH($BF$14,'PTCA Packing 2'!$B:$B,0),0)} -> #N/A | BN14: {=INDEX('PTCA Packing 1'!AC:AC,MATCH($BF$14,'PTCA Packing 2'!$B:$B,0),0)} -> #N/A | BO14: {=INDEX('PTCA Packing 1'!AD:AD,MATCH($BF$14,'PTCA Packing 2'!$B:$B,0),0)} -> #N/A | BP14: {=INDEX('PTCA Packing 1'!AE:AE,MATCH($BF$14,'PTCA Packing 2'!$B:$B,0),0)} -> #N/A | BQ14: {=INDEX('PTCA Packing 1'!AF:AF,MATCH($BF$14,'PTCA Packing 2'!$B:$B,0),0)} -> #N/A | BR14: {=INDEX('PTCA Packing 1'!AG:AG,MATCH($BF$14,'PTCA Packing 2'!$B:$B,0),0)} -> #N/A | BS14: {=INDEX('PTCA Packing 1'!AH:AH,MATCH($BF$14,'PTCA Packing 2'!$B:$B,0),0)} -> #N/A | BT14: {=INDEX('PTCA Packing 1'!AI:AI,MATCH($BF$14,'PTCA Packing 2'!$B:$B,0),0)} -> #N/A | BU14: {=INDEX('PTCA Packing 1'!AJ:AJ,MATCH($BF$14,'PTCA Packing 2'!$B:$B,0),0)} -> #N/A | BV14: {=INDEX('PTCA Packing 1'!AK:AK,MATCH($BF$14,'PTCA Packing 2'!$B:$B,0),0)} -> #N/A | BW14: {=INDEX('PTCA Packing 1'!AL:AL,MATCH($BF$14,'PTCA Packing 2'!$B:$B,0),0)} -> #N/A | BX14: {=INDEX('PTCA Packing 1'!AM:AM,MATCH($BF$14,'PTCA Packing 2'!$B:$B,0),0)} -> #N/A | BY14: {=INDEX('PTCA Packing 1'!AN:AN,MATCH($BF$14,'PTCA Packing 2'!$B:$B,0),0)} -> #N/A | BZ14: {=INDEX('PTCA Packing 1'!AO:AO,MATCH($BF$14,'PTCA Packing 2'!$B:$B,0),0)} -> #N/A | CA14: {=INDEX('PTCA Packing 1'!AP:AP,MATCH($BF$14,'PTCA Packing 2'!$B:$B,0),0)} -> #N/A | CC14: ="@1)" -> @1) | CD14: ="@2)" -> @2) | CE14: ="@3)" -> @3) | CF14: ="@4)" -> @4) | CG14: ="@5)" -> @5) | CH14: ="@6)" -> @6) | CI14: ="@A)" -> @A) | CJ14: ="@B)" -> @B) | CK14: ="@C)" -> @C) | CL14: ="@D)" -> @D) | CM14: ="@E)" -> @E) | CN14: ="@F)" -> @F) | CO14: ="@G)" -> @G) | CP14: ="@H)" -> @H) | CQ14: ="@I)" -> @I) | CR14: ="@99)Attach" -> @99)Attach
A15: =IF($BF$5="","",$BF$5) -> #N/A | H15: =IF($BG$5="","",$BG$5) -> #N/A | AC15: =IF($BF$6="","",$BF$6) | AJ15: =IF($BG$6="","",$BG$6) | BE15: Lot | BF15: =$BG$3 -> 0 | CR15: ="@99)Seal" -> @99)Seal
A16: Barcoode label (Label check sheet ) | AC16: Barcode Dilator label (Label check sheet ) | BE16: Q'ty | BF16: =$BH$3 -> 0
A17: Bag | H17: Box | O17: Matching | AC17: Bag | AJ17: Box | AQ17: Matching | BE17: DW1 | BF17: {=INDEX('PTCA Packing 1'!D:D,MATCH($BF$3,'PTCA Packing 1'!$B:$B,0),0)} -> #N/A
BE18: Packing 1 | BF18: {=INDEX('PTCA Packing 1'!E:E,MATCH($BF$3,'PTCA Packing 1'!$B:$B,0),0)} -> #N/A
V19: Check by | AX19: Check by | BE19: Master SOP | BF19: {=INDEX('PTCA Packing 1'!G:G,MATCH($BF$3,'PTCA Packing 1'!$B:$B,0),0)} -> #N/A
BE20: Holder set | BF20: {=INDEX('PTCA Packing 1'!H:H,MATCH($BF$3,'PTCA Packing 1'!$B:$B,0),0)} -> #N/A
A21: =IF($BF$7="","",$BF$7) | H21: =IF($BG$7="","",$BG$7) | AC21: =IF($BF$8="","",$BF$8) | AJ21: =IF($BG$8="","",$BG$8) | BE21: SOP (Holder set) | BF21: {=INDEX('PTCA Packing 1'!I:I,MATCH($BF$3,'PTCA Packing 1'!$B:$B,0),0)} -> #N/A
A22: CN label (Label check sheet ) | AC22: KR label (Label check sheet ) | BE22: เว้นว่างรอข้อมูล
A23: Bag | H23: Box | O23: Matching | AC23: Bag | AJ23: Box | AQ23: Matching | BE23: เว้นว่างรอข้อมูล
BE24: เว้นว่างรอข้อมูล
V25: Check by | AX25: Check by | BE25: เว้นว่างรอข้อมูล
BE26: Match (attach) 1 | BF26: =CC14&BF14&CD14&BF15&CE14&BF19&CF14&BF17&CG14&BF18&CH14&BF20&CI14&BJ14&CJ14&BK14&CK14&BL14&CL14&BP14&CM14&BQ14&CN14&BR14&CO14&BV14&CP14&BW14&CQ14&BX14&CR14 -> #N/A
A27: =IF($BF$9="","",$BF$9) -> #N/A | H27: =IF($BG$9="","",$BG$9) -> #N/A | AC27: =IF($BF$10="","",$BF$10) -> #N/A | AJ27: =IF($BG$10="","",$BG$10) -> #N/A | BE27: Match (attach) 2 | BF27: =CC14&BF14&CD14&BF15&CE14&BF19&CF14&BF17&CG14&BF18&CH14&BF20&CI14&BM14&CJ14&BN14&CK14&BO14&CL14&BS14&CM14&BT14&CN14&BU14&CO14&BY14&CP14&BZ14&CQ14&CA14&CR14 -> #N/A
BE28: Match (seal) | BF28: =CC14&BF14&CD14&BF15&CE14&BF19&CF14&BF17&CG14&BF18&CH14&BF20&CI14&BJ14&CJ14&BK14&CK14&BL14&CL14&BP14&CM14&BQ14&CN14&BR14&CO14&BV14&CP14&BW14&CQ14&BX14&CR15 -> #N/A
A29: Check Label (Ver.) | K29: Scan Barcode (Ver.) | U29: Compare (Ver.) | BD29: Boxpack | BE29: Item_lot | BF29: =$BF$3&"_"&$BG$3 -> _ | CC29: ="@1)" -> @1) | CD29: ="@2)" -> @2) | CE29: ="@3)" -> @3) | CF29: ="@4)" -> @4) | CG29: ="@5)" -> @5) | CH29: ="@99)Boxpack" -> @99)Boxpack
BE30: item[tab]lot[tab]Q'ty | BF30: =$BF$3&"[tab]"&$BG$3&"[tab]"&BH3 -> [tab][tab] | CC30: Master | CD30: SOP | CE30: DW
BE31: Master SOP[tab]SOP[tab]DW | BF31: =$CC$31&"[tab]"&$CD$31&"[tab]"&CE31 -> #N/A | CC31: {=INDEX('PTCA Packing 2'!G:G,MATCH($BF$3,'PTCA Packing 2'!$B:$B,0),0)} -> #N/A | CD31: {=INDEX('PTCA Packing 2'!E:E,MATCH($BF$3,'PTCA Packing 2'!$B:$B,0),0)} -> #N/A | CE31: {=INDEX('PTCA Packing 2'!D:D,MATCH($BF$3,'PTCA Packing 2'!$B:$B,0),0)} -> #N/A
BE32: เว้นว่างรอข้อมูล
A33: ATN-12346 ver.1.08 | K33: ATN-12346 ver.1.08 | U33: ATN-12346 ver.1.08 | BE33: เว้นว่างรอข้อมูล
BE34: เว้นว่างรอข้อมูล
A35: 3.Attach label and Seal process (Packing 1) | AM35: Matching (Attach) | AV35: Matching (Attach) | BE35: Match | BF35: =CC29&BF3&CD29&BG3&CE29&CC31&CF29&CE31&CG29&CD31&CH29 -> #N/A
A36: Attach label and Seal process
A37: 1.Item | H37: 2.Lot | O37: 3.Q'ty | V37: 4.DW 1 | AC37: 5.Packing 1
AM39: Check by | AV39: Check by
A41: =IF($BF$14="","",$BF$14) -> 0 | H41: =IF($BF$15="","",$BF$15) -> 0 | O41: =IF($BF$16="","",$BF$16) -> 0 | V41: =IF($BF$18="","",$BF$18) -> #N/A | AC41: =IF($BF$18="","",$BF$18) -> #N/A
AV42: Matching (Seal)
A43: 6.Master SOP | H43: 7.Holder set | O43: 8.SOP (Holder set)
AV46: Check by
A47: =IF($BF$19="","",$BF$19) -> #N/A | H47: =IF($BF$20="","",$BF$20) -> #N/A | O47: =IF($BF$21="","",$BF$21) -> #N/A | V47: =IF($BF$23="","",$BF$23) | AC47: =IF($BF$24="","",$BF$24)
A49: 4.Boxpack process (Packing 2) | AV49: Matching
A50: 1.Item_lot | H50: 2.Item | O50: 3.Master SOP,SOP
AV53: Check by
A54: =IF($BF$29="","",$BF$29) -> _ | H54: =IF($BF$30="","",$BF$30) -> [tab][tab] | O54: =IF($BF$31="","",$BF$31) -> #N/A | V54: =IF($BF$32="","",$BF$32) | AC54: =IF($BF$33="","",$BF$33) | AJ54: =IF($BF$34="","",$BF$34)
